Time,Flux,Error,Phase,Radian
1334.5012113613273,0.0045623037625652785,0.0028004195,-0.7733820440233783,-4.859302695844207
1334.5026002803932,0.0027788927073371106,0.0027975116,-0.7690644631567378,-4.832174535180371
1334.5039891994575,-0.003995014789131668,0.0027935654,-0.764746882295045,-4.805046374547623
1334.5053781185227,0.0006369697139088082,0.0027987522,-0.7604293014305248,-4.77791821389711
1334.5067670378212,-0.0030760504663311927,0.0027951146,-0.7561117198408159,-4.750790048690102
1334.5081559568855,-0.001046658037526571,0.0027990842,-0.7517941389791231,-4.723661888057354
1334.509544875951,-0.0027363929428003697,0.0027958434,-0.7474765581138961,-4.6965337274024
1334.5109337950166,-0.0035282544426427087,0.0027997151,-0.7431589772479623,-4.669405566743006
1334.5123227140818,-0.0023467573944349063,0.0027988695,-0.7388413963834423,-4.642277406092493
1334.5137116331468,-0.0028238698912002036,0.0027977068,-0.734523815519629,-4.615149245446422
1334.5151005522118,3.85655105734628e-05,0.002800862,-0.7302062346558157,-4.58802108480035
1334.5164894715099,-0.0032832004143117377,0.002799598,-0.7258886530675204,-4.5608929196022245
1334.517878390575,-0.0039392600195859995,0.0027987352,-0.7215710722030002,-4.533764758951711
1334.51926730964,0.0018532095997976228,0.0028053955,-0.7172534913391869,-4.50663659830564
1334.520656228706,0.0015053199509134085,0.002802517,-0.7129359104725463,-4.479508437641804
1334.522045147772,0.0029720696282771186,0.0028032798,-0.7086183296059059,-4.452380276977969
1334.5234340668362,0.0014001968284109712,0.0028010726,-0.704300748744213,-4.425252116345221
1334.5248229859014,-0.002459238533514485,0.0028042032,-0.6999831678796928,-4.398123955694707
1334.526211904967,0.003172725191896486,0.0028075238,-0.6956655870137591,-4.370995795035314
1334.5276008240314,-0.007586502252473704,0.0028006951,-0.6913480061520663,-4.343867634402565
1334.5289897430966,-0.0025412681003829096,0.0028053988,-0.6870304252875461,-4.316739473752052
1334.5303786621623,0.001099286467929561,0.0028053375,-0.6827128444216124,-4.289611313092657
1334.5317675814606,0.005035616969615075,0.0028103131,-0.6783952628326103,-4.262483147890091
1334.5331565005256,-0.0010205204856095218,0.0028084554,-0.674077681968797,-4.235354987244019
1334.5345454195906,-0.00048182187199818927,0.002805902,-0.6697601011049837,-4.208226826597948
1334.5359343386558,0.0015105681091445167,0.0028117956,-0.6654425202404636,-4.181098665947435
1334.537323257721,0.0036267587621936492,0.0028104736,-0.6611249393759435,-4.153970505296923
1334.538712176786,0.0002445305353870886,0.002812713,-0.6568073585121301,-4.126842344650851
1334.540101095851,-0.006002811957803278,0.0028083492,-0.6524897776483168,-4.09971418400478
1334.541490014917,0.00294356661082662,0.0028146985,-0.6481721967816763,-4.072586023340944
1334.542878933982,0.0037551537460212003,0.0028155795,-0.643854615917863,-4.045457862694873
1334.5442678530464,0.0012013392188905403,0.0028167614,-0.6395370350554633,-4.018329702057684
1334.5456567721124,0.00047927015069260115,0.0028177234,-0.6352194541888228,-3.9912015413938473
1334.5470456911773,0.00367796540220211,0.0028193155,-0.6309018733250095,-3.964073380747776
1334.5484346102419,-0.002150666001133894,0.0028150845,-0.6265842924626098,-3.936945220110587
1334.5498235293078,-0.0018071395130156986,0.0028171202,-0.6222667115959692,-3.909817059446751
1334.5512124483735,-0.0024171369240799656,0.0028147218,-0.6179491307300355,-3.8826888987873565
1334.552601367205,-0.0019226481519998284,0.0028179076,-0.6136315505921178,-3.8555607427022216
1334.5539902862704,-0.0025833518600475447,0.0028163875,-0.6093139697268909,-3.828432582047268
1334.555379205336,-0.0026066826943693666,0.0028201242,-0.6049963888609572,-3.8013044213878735
1334.5567681244004,-0.007985229362793778,0.0028142745,-0.6006788079992643,-3.7741762607551252
1334.5581570434656,-0.008438726734562252,0.0028110796,-0.5963612271347442,-3.7470481001046125
1334.5595459625313,-0.006309608047773363,0.0028142286,-0.5920436462688105,-3.719919939445218
1334.5609348815972,-0.0067622813939032245,0.0028110726,-0.5877260654021699,-3.692791778781382
1334.5623238006622,-0.012674024322929744,0.0028071126,-0.5834084845383566,-3.665663618135311
1334.5637127197267,-0.010419740521776522,0.002808584,-0.579090903675957,-3.6385354574981217
1334.5651016387926,-0.017195423067524418,0.0028053785,-0.5747733228093164,-3.611407296834286
1334.5664905578576,-0.011401867030780721,0.0028046498,-0.5704557419455031,-3.5842791361882145
1334.5678794769221,-0.006798168039165109,0.0028051957,-0.5661381610831033,-3.557150975551025
1334.5692683957552,-0.003482720859275368,0.0028057457,-0.561820580940238,-3.530022819434803
1334.570657314821,-0.0013154677525855085,0.002811459,-0.5575030000743042,-3.502894658775408
1334.5720462338852,-0.007999504965318316,0.0028030123,-0.5531854192126113,-3.4757664981426597
1334.5734351529504,-0.0050833796706528656,0.0028062086,-0.5488678383480913,-3.4486383374921474
1334.574824072016,-0.005765467571140714,0.002803216,-0.5445502574821576,-3.421510176832753
1334.5762129910806,-0.004896642616191604,0.0028045638,-0.5402326766197578,-3.3943820161955633
1334.5776019101456,-0.0029747227967034107,0.0028072475,-0.5359150957559445,-3.3672538555494915
1334.5789908289787,-0.003286546974995197,0.0027982483,-0.5315975156130791,-3.3401256994332695
1334.580379748044,-0.007632174762605137,0.002795212,-0.527279934748559,-3.3129975387827573
1334.5817686671091,-0.00585869672660988,0.0027961533,-0.5229623538840389,-3.2858693781322446
1334.5831575861741,-0.009677938606263536,0.0027883814,-0.5186447730202256,-3.258741217486173
1334.5845465052391,-0.006122203910319368,0.002787103,-0.5143271921564123,-3.231613056840102
1334.5859354240715,-0.002387284593776462,0.002784991,-0.5100096120156674,-3.204484900737203
1334.5873243431367,-0.009107496763264833,0.002782909,-0.5056920311511472,-3.1773567400866902
1334.5887132622017,-0.003962113339793016,0.0027748079,-0.501374450287334,-3.1502285794406184
1334.5901021812676,-0.0023166872971770447,0.0027748542,-0.4970568694206934,-3.123100418776783
1334.5914911000998,-0.0005648661005164257,0.0027766488,-0.4927392892806553,-3.095972262678325
1334.5928800191643,-0.008432803196277705,0.0027630532,-0.4884217084182556,-3.0688441020411354
1334.5942689382302,-0.004742316915154365,0.0027636155,-0.484104127551615,-3.0417159413773
1334.5956578572952,-0.005446692145787746,0.0027634304,-0.47978654668780174,-3.0145877807312287
1334.597046776127,-0.005067703782888011,0.0027598513,-0.47546896654917725,-2.9874596246416525
1334.5984356951926,-0.006461215404613863,0.0027621468,-0.4711513856832435,-2.960331463982258
1334.5998246142578,0.0004552279787323199,0.0027609891,-0.4668338048187234,-2.9332033033317453
1334.6012135333228,-0.007179903842351454,0.0027551155,-0.4625162239549101,-2.906075142685674
1334.602602452156,-0.0026341500946850394,0.0027552897,-0.45819864381204467,-2.878946986569452
1334.603991371221,-0.004537689422096425,0.0027508861,-0.4538810629482314,-2.8518188259233805
1334.6053802902861,-0.003001989081922618,0.002752714,-0.4495634820837113,-2.824690665272868
1334.6067692091185,-0.006979842829849647,0.0027494885,-0.4452459019429663,-2.797562509169969
1334.6081581281835,0.0028736791124831518,0.0027538368,-0.44092832107915303,-2.770434348523897
1334.6095470472485,-0.008133856332517841,0.0027524424,-0.43661074021533974,-2.7433061878778258
1334.6109359663137,-0.002800620196625192,0.0027492156,-0.43229315935081963,-2.7161780272273135
1334.612324885146,-0.003358762734266052,0.0027437292,-0.4279755792100747,-2.689049871124414
1334.613713804212,-0.0030312048158084304,0.0027423562,-0.4236579983434341,-2.661921710460579
1334.615102723277,-0.006730734008984829,0.0027391135,-0.4193404174796208,-2.6347935498145074
1334.6164916421087,-0.008138701840615048,0.0027405666,-0.4150228373409963,-2.6076653937249312
1334.6178805611744,0.000947098361842813,0.0027474791,-0.41070525647506256,-2.5805372330655367
1334.6192694800068,-0.003200481617197992,0.002744656,-0.4063876763343176,-2.5534090769626374
1334.620658399071,-0.003382839451859465,0.0027457399,-0.40207009547262473,-2.526280916329889
1334.6220473181368,-0.002326895115828287,0.0027441448,-0.39775251460669103,-2.4991527556704947
1334.6234362369698,-0.005029689240030666,0.0027471762,-0.39343493446382566,-2.4720245995542727
1334.6248251560344,-0.0062337385297486225,0.0027502188,-0.38911735360142596,-2.444896438917083
1334.6262140750994,-0.0012126787189903343,0.002749776,-0.3847997727376127,-2.4177682782710117
1334.6276029939324,-0.0043802587397014925,0.0027464177,-0.38048219259474725,-2.3906401221547893
1334.628991912997,-0.0026911384874171995,0.0027485343,-0.3761646117323476,-2.3635119615176
1334.6303808318291,-0.001903979215759577,0.0027508398,-0.3718470315923095,-2.336383805419142
1334.631769750895,-0.001210806896723704,0.0027494174,-0.3675294507256689,-2.3092556447553063
1334.6331586697272,0.0021541985804123254,0.0027599507,-0.36321187058563076,-2.2821274886568483
1334.6345475887922,9.646523642203864e-05,0.0027569248,-0.35889428972181747,-2.254999328010777
1334.6359365078577,-0.0011411430217748153,0.0027665338,-0.35457670885659054,-2.2278711673558234
1334.6373254266898,-0.005543657212816022,0.0027563374,-0.3502591287165524,-2.2007430112573654
1334.6387143457548,-0.003909647965419594,0.002759255,-0.3459415478527391,-2.173614850611294
1334.6401032645872,-0.004895240023771175,0.0027599132,-0.34162396771199416,-2.146486694508395
1334.6414921836529,0.0004275244424533087,0.0027600601,-0.3373063868460604,-2.119358533849
1334.642881102486,0.000615353588593659,0.0027612587,-0.33298880670319503,-2.092230377732778
1334.6442700215505,0.0002562954052723887,0.0027667468,-0.3286712258407954,-2.065102217095589
1334.6456589403826,-0.0001029653614944559,0.0027718982,-0.32435364570075725,-2.037974060997131
1334.6470478594485,-0.004311431041912117,0.0027716565,-0.3200360648341167,-2.0108459003332952
1334.6484367782803,-0.001029706766384475,0.002777218,-0.3157184846954922,-1.9837177442437195
1334.6498256973452,-0.0003157042765103979,0.0027788621,-0.31140090383167884,-1.956589583597648
1334.6512146161783,-0.0069735671534635335,0.0027812794,-0.30708332368881347,-1.9294614274814257
1334.6526035352433,0.0008402249440786491,0.0027882825,-0.3027657428250002,-1.9023332668353543
1334.6539924540755,-0.0021772154354305906,0.0027926373,-0.29844816268496205,-1.8752051107368963
1334.6553813731407,0.0011602535400299097,0.0027940753,-0.29413058182044194,-1.8480769500863838
1334.656770291973,-0.0018766269837071636,0.0027932145,-0.289813001679697,-1.8209487939834847
1334.658159211038,-0.005348751985172706,0.0027907847,-0.2854954208158837,-1.7938206333374134
1334.6595481298705,0.002167683417489741,0.0027947447,-0.28117784067513873,-1.7666924772345143
1334.6609370487029,-0.0005453830377408764,0.0027932809,-0.2768602605343938,-1.7395643211316152
1334.6623259677685,-0.006188927584672488,0.0027813981,-0.2725426796684601,-1.712436160472221
1334.663714886601,-0.002343275278923196,0.002778735,-0.2682250995277151,-1.6853080043693218
1334.6651038056652,-0.008392418382968447,0.0027720758,-0.26390751866602224,-1.6581798437365733
1334.666492724498,-0.004865263878725434,0.0027659095,-0.2595899385238637,-1.6310516876247925
1334.6678816433305,-0.0077590533184530575,0.0027614667,-0.25527235838311874,-1.6039235315218934
1334.6692705623948,-0.007725799164315372,0.0027564827,-0.25095477752142586,-1.576795370889145
1334.6706594812279,-0.008936571173132957,0.0027549595,-0.2466371973785605,-1.549667214772923
1334.6720484002938,-0.0020179050687362254,0.0027500666,-0.24231961651191994,-1.5225390541090873
1334.6734373191255,-0.00020469293578317949,0.0027519132,-0.23800203637329542,-1.4954108980195113
1334.6748262379576,-0.006009152628056902,0.0027470188,-0.2336844562332573,-1.4682827419210533
1334.6762151570235,-0.009568898841654017,0.0027450272,-0.22936687536661673,-1.4411545812572177
1334.677604075855,-0.006820662844200576,0.0027465099,-0.22504929522869904,-1.4140264251720829
1334.6789929946874,-0.002205972609724327,0.0027494195,-0.22073171508795408,-1.3868982690691838
1334.6803819137533,-0.0014978832050722701,0.0027520403,-0.21641413422131353,-1.359770108405348
1334.6831597514185,0.0057643374114001444,0.0027642355,-0.20777897393841002,-1.305513796190668
1334.6845486704829,-0.006238254215301886,0.0027523816,-0.20346139307671715,-1.2783856355579195
1334.6859375893157,0.0020189191163719755,0.0027589735,-0.1991438129345586,-1.2512574794461386
1334.687326508148,-0.002711483861827624,0.0027590313,-0.19482623279381364,-1.2241293233432395
1334.6887154272124,0.0009545299280286912,0.002759462,-0.19050865193212077,-1.197001162710491
1334.6901043460455,0.002671033248379473,0.002763382,-0.1861910717892554,-1.169873006594269
1334.6914932648785,-0.0001501608329905757,0.0027612473,-0.18187349164639002,-1.142744850478047
1334.692882183943,0.0009956857976162192,0.0027712316,-0.17755591078399033,-1.1156166898408575
1334.6942711027752,-0.0010619618226677119,0.0027681633,-0.1732383306439522,-1.0884885337423995
1334.6956600216083,-3.380327722801724e-05,0.0027719275,-0.16892075050108682,-1.0613603776261775
1334.6970489404398,-0.002496498742836306,0.0027751392,-0.16460317036316913,-1.0342322215410427
1334.698437859505,-0.0011063699709280561,0.002778355,-0.16028558949864902,-1.0071040608905302
1334.6998267783379,-0.0009218091387112048,0.0027818538,-0.15596800935649044,-0.979975904778749
1334.7012156971703,0.002454640840712119,0.0027901412,-0.1516504292157455,-0.9528477486758501
1334.7026046160024,0.0007814972872292048,0.002787999,-0.14733284907570737,-0.925719592577392
1334.7039935350676,0.0007838229074020875,0.002792337,-0.14301526821118724,-0.8985914319268794
1334.7053824539,0.000992999140560058,0.0027883826,-0.1386976880704423,-0.8714632758239804
1334.7067713727322,-0.002394056810579581,0.0027932832,-0.13438010793040417,-0.8443351197255224
1334.7081602915644,0.0024013456070310912,0.0027990218,-0.13006252779036603,-0.8172069636270645
1334.7095492103967,0.002173745431889529,0.00279575,-0.1257449476496211,-0.7900788075241656
1334.7109381294624,0.0015310458117696601,0.0027937475,-0.12142736678368735,-0.7629506468647709
1334.7123270482948,-0.001996756820329626,0.002792375,-0.1171097866429424,-0.7358224907618719
1334.7137159671263,0.0001612366860981318,0.002795204,-0.11279220650502471,-0.708694334676737
1334.7151048859594,-0.001198205127080465,0.002793569,-0.10847462636215932,-0.6815661785605148
1334.7164938047918,0.0011894130918994605,0.002795376,-0.10415704622141438,-0.6544380224576158
1334.717882723857,0.0035311189594313674,0.002795466,-0.09983946535689427,-0.6273098618071034
1334.7192716426898,-0.0002161046228492669,0.002792816,-0.0955218852147357,-0.6001817056953224
1334.7206605615222,-0.002463357641706354,0.0027936676,-0.09120430507399076,-0.5730535495924233
1334.7220494803544,-0.001156695123599838,0.0027895255,-0.08688672493395262,-0.5459253934939653
1334.7234383991865,0.0008607816976411442,0.0027929666,-0.08256914479391449,-0.5187972373955073
1334.7248273180192,0.0018995695737042961,0.002793549,-0.07825156465246273,-0.49166908128816733
1334.7262162368513,0.01894817044268504,0.0028102102,-0.0739339845124246,-0.4645409251897093
1334.7276051556835,0.009031452752938707,0.0028019263,-0.06961640437238646,-0.4374127690912513
1334.7289940747487,0.0047963339655821,0.0027974867,-0.06529882350786635,-0.41028460844073883
1334.7303829935815,0.007418204840982545,0.002800444,-0.06098124336570778,-0.38315645232895773
1334.731771912414,5.388325621913381e-05,0.0027954353,-0.056663663224962836,-0.35602829622605875
1334.7331608312454,0.0032826893626241027,0.0027983414,-0.05234608308704514,-0.32890014014092384
1334.7345497500785,0.0017821512216154023,0.0027953913,-0.048028502944179756,-0.30177198402470173
1334.7359386689106,0.004630532487262196,0.0027973924,-0.04371092280414162,-0.27464382792624376
1334.7373275877424,0.002488047047632058,0.0027955337,-0.03939334266551711,-0.24751567183666784
1334.7387165065754,0.003422522051796939,0.0027966509,-0.03507576252265173,-0.22038751572044574
1334.7401054254085,0.002348417790214663,0.0027976336,-0.03075818237978635,-0.19325935960422364
1334.74149434424,-0.001687380159246743,0.0027932136,-0.02644060224186865,-0.16613120351908872
1334.7428832630724,0.0026449007424413917,0.0027939107,-0.022123022101123706,-0.13900304741618974
1334.7442721819052,0.0004903420103929967,0.0027956017,-0.017805441958965135,-0.11187489130440864
1334.7456611007367,0.0017328066730277758,0.0027976807,-0.013487861821047437,-0.08474673521927376
1334.747050019569,0.0030478726385876342,0.002799676,-0.009170281680302492,-0.057618579116374746
1334.748438938402,0.002441383235025185,0.002792947,-0.004852701538143924,-0.03049042300459368
1334.7498278572345,0.0007143093238881626,0.0027998476,-0.0005351213966921666,-0.00336226689725364
1334.7512167760667,-0.0009221947093289717,0.0027916143,0.003782458743345967,0.023765889201204343
1334.7526056948989,0.0005965367632714269,0.0027968995,0.0081000388833841,0.05089404529966232
1334.7539946137313,-0.0006479822457570172,0.0027898175,0.012417619024129046,0.07802220140256133
1334.7553835325637,-0.0016485047467280634,0.002793655,0.016735199164873992,0.10515035750546035
1334.7567724513958,-0.0009784769235900992,0.0027915235,0.021052779304912124,0.13227851360391832
1334.758161370229,-0.001404934455136564,0.0027966162,0.025370359447777505,0.15940666972014042
1334.759550289062,0.0008580093831473956,0.0027975154,0.029687939590642885,0.18653482583636252
1334.7609392078934,0.004171686666167185,0.0027968483,0.034005519728560585,0.2136629819214974
1334.7623281267258,0.001662482867246684,0.002795824,0.03832309986930553,0.24079113802439642
1334.7637170455587,0.00010797268641415947,0.0027919938,0.0426406800114641,0.2679192941361775
1334.7651059643902,0.0023151119083806293,0.0028016258,0.0469582601493818,0.2950474502213124
1334.7664948832225,-0.00040043091842578704,0.002794869,0.051275840290126745,0.32217560632421144
1334.7678838020554,0.004823509041290475,0.0027978735,0.05559342043228531,0.3493037624359925
1334.7692727208878,0.001153368833471058,0.0027977866,0.059911000573030254,0.37643191853889146
1334.7706616397202,0.0008441959890461703,0.0027978101,0.0642285807137752,0.40356007464179044
1334.7720505585523,-0.0019981221487492817,0.0027957044,0.06854616085381333,0.4306882307402485
1334.7734394773847,-0.000993824890808348,0.0027951982,0.07286374099455828,0.45781638684314746
1334.7748283959843,-0.0008960573089384916,0.0027972495,0.07718132041152806,0.484944538398433
1334.7762173148164,0.002647852844708254,0.0027952066,0.0814989005515662,0.512072694496891
1334.7776062336486,0.0003036561922307168,0.0027918394,0.08581648069160433,0.539200850595349
1334.7789951524817,0.002046227304344672,0.0027944045,0.0901340608344697,0.566329006711571
1334.7803840713138,0.00021452404305066786,0.0027962928,0.09445164097450784,0.593457162810029
1334.7817729901456,0.005805194215924958,0.00280175,0.09876922111313235,0.620585318899605
1334.7831619089786,-0.0028977782919508144,0.0027936667,0.10308680125599773,0.647713475015827
1334.7845508278108,-0.0007622395528508186,0.0027958096,0.10740438139603586,0.6748416311142851
1334.7859397464097,-0.0013019199892572164,0.0027960273,0.1117219608108852,0.7019697826562474
1334.7873286652427,0.0007536358593247527,0.0027947442,0.11603954095375059,0.7290979387724695
1334.7887175840756,0.0014081246609027875,0.002796318,0.12035712109590915,0.7562260948842506
1334.790106502907,-0.0025927892152843857,0.0027919768,0.12467470123382685,0.7833542509693855
1334.7914954217395,-8.50267749603617e-05,0.0028008209,0.1289922813745718,0.8104824070722846
1334.7928843403395,0.003293668329027888,0.0027993436,0.1333098607929552,0.8376105586364522
1334.7942732591712,-0.0005832833112178193,0.0028015135,0.13762744093157972,0.864738714726028
1334.7956621780033,0.007228514868299785,0.0028006446,0.14194502107161783,0.8918668708244859
1334.7970510968364,0.0055654779491065565,0.0028010104,0.14626260121448323,0.9189950269407081
1334.7984400156695,0.007007166445845536,0.0028023408,0.1505801813573486,0.9461231830569302
1334.7998289342688,0.007333672716183459,0.0028006413,0.15489776077361156,0.9732513346077746
1334.8012178531005,0.004723338131730426,0.0028009221,0.15921534091223608,1.0003794906973507
1334.8026067719336,0.004702029919567252,0.0028013836,0.16353292105510145,1.0275076468135727
1334.8039956907658,4.228068466383128e-05,0.0027985966,0.16785050119513958,1.0546358029120306
1334.8053846093646,0.00020738961726074479,0.0027971496,0.17216808060998892,1.081763954453993
1334.8067735281977,0.00415336674992961,0.0027994763,0.17648566075285432,1.1088921105702152
1334.8081624470306,0.0046154282054136075,0.0028001668,0.18080324089501287,1.1360202666819963
1334.809551365862,0.0011465501357843522,0.0028005948,0.18512082103293057,1.1631484227671312
1334.8109402844616,-0.004128863596192467,0.002792469,0.18943840044990035,1.1902765743224166
1334.8123292032944,0.002930708992900488,0.0028014297,0.19375598059205892,1.2174047304341977
1334.8137181221261,0.0005679314149398262,0.0027958401,0.19807356073068344,1.2445328865237737
1334.8151070407255,0.0022696784199938147,0.0028008486,0.2023911401469464,1.271661038074618
1334.8164959595586,-0.0017138299236132415,0.0027940753,0.20670872028981177,1.29878919419084
1334.817884878391,0.0002824217244541405,0.0027946595,0.21102630043055673,1.3259173502937391
1334.8192737969905,0.08226116774931103,0.0028564716,0.2153438798475265,1.3530455018490248
1334.8206627158227,0.19136177320808923,0.0029382193,0.21966145998756464,1.3801736579474828
1334.8220516346548,0.2155408846920588,0.0029550444,0.22397904012760278,1.4073018140459408
1334.8234405532544,0.19938127831926256,0.0029443842,0.22829661954457253,1.434429965601226
1334.8248294720868,0.19167103188471102,0.0029390936,0.2326141996853175,1.4615581217041251
1334.826218390919,0.2721590438766277,0.0029952743,0.23693177982535563,1.4886862778025831
1334.8276073095192,0.3649892275247284,0.0030637323,0.24124935924444582,1.5158144293711917
1334.8289962283513,0.6739659330809367,0.0032738107,0.24556693938448396,1.5429425854696497
1334.830385147183,1.619495646781677,0.0038455944,0.24988451952310847,1.5700707415592257
1334.8317740657833,3.1591804209075587,0.0046267817,0.2542020989421987,1.5971988931278343
1334.8331629846155,3.2495530559163566,0.004669042,0.25851967908223683,1.6243270492262922
1334.8345519032143,2.614407011447665,0.0043661175,0.26283725849708617,1.6514552007682546
1334.8359408220472,2.018858401508226,0.0040615443,0.2671548386392447,1.6785833568800357
1334.83732974088,1.548112606002631,0.003805526,0.2714724187814033,1.705711512991817
1334.8387186594798,1.3241336913057014,0.0036755246,0.2757899981990799,1.7328396645515434
1334.840107578312,1.0893355129360107,0.0035374959,0.28010757833911804,1.7599678206500013
1334.8414964969113,0.9345443887904337,0.0034404132,0.28442515775538096,1.7870959722008457
1334.8428854157437,0.8106182393010823,0.0033624442,0.2887427378961259,1.8142241283037448
1334.844274334576,0.707053669468833,0.0032992898,0.2930603180368709,1.841352284406644
1334.8456632531754,0.6135773285306136,0.0032370351,0.29737789745313387,1.8684804359574885
1334.8470521720085,0.5397170273779184,0.0031852871,0.30169547759599924,1.8956085920737105
1334.8484410906078,0.49491469831667967,0.0031571763,0.30601305701226217,1.9227367436245546
1334.8498300094395,0.4437431465914725,0.003127278,0.3103306371508867,1.9498648997141308
1334.8512189280398,0.4041174282901956,0.003094641,0.3146482165699769,1.9769930512827392
1334.852607846872,0.3735101550395499,0.0030733775,0.318965796710015,2.004121207381197
1334.8539967654708,0.342529284672066,0.0030529683,0.3232833761248644,2.03124935892316
1334.8553856843037,0.3117665435543995,0.0030342168,0.32760095626702296,2.058377515034941
1334.8567746029037,0.2950524550488227,0.0030204663,0.33191853568540636,2.0855056665991083
1334.8581635217354,0.2795864143158404,0.0030109636,0.33623611582403085,2.112633822688684
1334.8595524403347,0.23389640997871242,0.0029787647,0.34055369524029383,2.1397619742395286
1334.8609413591678,0.20229297358811604,0.0029582547,0.3448712753831592,2.1668901303557506
1334.8623302777667,0.17596256978944758,0.0029437623,0.34918885479800854,2.1940182818977134
1334.8637191965988,0.15251118197326186,0.0029263496,0.3535064349380467,2.2211464379961714
1334.865108115199,0.14354439860864066,0.0029181216,0.3578240143571369,2.24827458956478
1334.8664970340312,0.12612449170403517,0.002909672,0.36214159449717503,2.275402745663238
1334.8678859526308,0.11608723741106775,0.002897702,0.3664591739141448,2.3025308972185234
1334.8692748712303,0.10276682867201137,0.0028882395,0.3707767533311146,2.329659048773809
1334.8706637900625,0.09538825896879222,0.0028836988,0.37509433347115273,2.356787204872267
1334.8720527086618,0.08085388976988006,0.0028742326,0.37941191288741566,2.383915356423111
1334.8734416274945,0.07841524826664781,0.002872478,0.38372949302886744,2.4110435125304512
1334.8748305460938,0.0649151816701441,0.002863727,0.38804707244513037,2.438171664081296
1334.876219464694,0.061571654406258114,0.0028644989,0.3923646518642206,2.4652998156499044
1334.8776083835262,0.05801540005835548,0.0028582201,0.39668223200425873,2.4924279717483624
1334.8789973021255,0.04992428388336001,0.0028484631,0.4009998114205217,2.519556123299207
1334.8803862209586,0.03989093857009274,0.002843607,0.4053173915633871,2.546684279415429
1334.8817751395575,0.040327504851042306,0.0028392086,0.4096349709782364,2.5738124309573913
1334.8831640581568,0.032897450254758986,0.0028361247,0.4139525503944994,2.600940582508236
1334.8845529769899,0.025596069365455776,0.0028326141,0.4182701305373648,2.628068738624458
1334.8859418955892,0.024773938526605477,0.0028292497,0.4225877099536277,2.655196890175302
1334.8873308141888,0.018566510620162013,0.0028236266,0.4269052893705975,2.682325041730588
1334.8887197330212,0.01341898704049349,0.0028192229,0.4312228695113425,2.709453197833487
1334.8901086516205,0.010509879712131465,0.0028124736,0.4355404489276054,2.7365813493843314
1334.8914975702198,0.009692256498063934,0.002812122,0.4398580283438684,2.763709500935176
1334.8928864890522,0.012506117288677121,0.0028177963,0.44417560848461335,2.790837657038075
1334.8942754076518,0.01333190702808329,0.002812563,0.4484931879015831,2.8179658085933603
1334.895664326252,0.013114257857022693,0.002814092,0.4528107673206733,2.845093960161969
1334.8970532450842,0.00861973733492638,0.0028069091,0.45712834746071146,2.872222116260427
1334.898442163683,0.009877064701535376,0.0028069718,0.4614459268755608,2.8993502678023892
1334.899831082283,0.006369715975707679,0.0028037229,0.4657635062939442,2.926478419366557
1334.9012200011155,-0.0014848375813434345,0.0027991917,0.47008108643468915,2.953606575469456
1334.902608919714,-0.0018419616234444103,0.0027927961,0.47439866584883167,2.9807347270069773
1334.9039978383141,-0.0006268873618164861,0.0027945088,0.47871624526721507,3.007862878571145
1334.9053867569144,-0.003246174845432659,0.002787613,0.4830338246863053,3.0349910301397536
1334.906775675746,0.0015011668769900899,0.0027875549,0.4873514048249298,3.0621191862293293
1334.9081645943454,0.002467968572147705,0.0027852892,0.49166898424119276,3.089247337780174
1334.9095535129456,0.001254197249364486,0.002778971,0.495986563660283,3.1163754893487825
1334.9109424315445,-0.0014870751749701538,0.0027746817,0.5003041430751323,3.1435036408907444
1334.9123313503767,-0.0008193570301323616,0.0027682087,0.5046217232151704,3.1706317969892024
1334.913720268977,-0.0015565527303560422,0.0027636443,0.5089393026342607,3.1977599485578114
1334.915109187577,0.00039232602610506095,0.0027638203,0.5132568820526441,3.224888100121979
1334.9164981061765,-0.00015540587750462187,0.0027609996,0.5175744614696138,3.2520162516772646
1334.917887025008,0.003302637651369067,0.0027640697,0.5218920416075316,3.2791444077623995
1334.919275943608,0.004836331294065244,0.0027611698,0.526209621025915,3.306272559326567
1334.9206648622078,-0.00164963230775228,0.00275259,0.5305272004435915,3.333400710886293
1334.9220537808064,-0.0011155217024224617,0.0027548643,0.534844779857734,3.360528862423815
1334.9234426994065,-0.004977119374271033,0.0027437133,0.5391623592761174,3.3876570139879822
1334.9248316180067,-0.005921016957476599,0.0027431336,0.5434799386952076,3.414785165556591
1334.9276094554377,-0.00403094706580609,0.002741753,0.5521150982500951,3.469041473197011
1334.928998374038,-0.0027629632006397342,0.0027420416,0.5564326776691854,3.49616962476562
1334.9303872926366,-0.0026102743830305197,0.0027421648,0.5607502570833278,3.5232977763031412
1334.9317762112362,-0.004336298598449639,0.0027427764,0.5650678365002977,3.550425927858427
1334.9331651298364,-0.00015052850166341614,0.0027439287,0.5693854159193878,3.5775540794270353
1334.9345540484358,-0.005173938053202987,0.0027353375,0.5737029953356508,3.60468223097788
1334.935942967268,-0.006257175419398298,0.002732141,0.578020575475689,3.631810387076338
1334.9373318858675,-0.004886523698205747,0.0027329563,0.5823381548926587,3.6589385386316233
1334.938720804467,-0.005527264197532689,0.0027374884,0.5866557343096285,3.686066690186909
1334.9401097230664,-0.004834044848103125,0.0027413524,0.5909733137258915,3.7131948417377534
1334.9414986416657,-0.0015322807095679014,0.0027346807,0.5952908931421544,3.740322993288598
1334.9428875602655,-0.004374017917628481,0.0027377831,0.599608472559831,3.767451144848324
1334.9442764788655,-0.0075802451878115296,0.002734917,0.6039260519782144,3.7945792964124916
1334.945665397465,-0.007106514843413625,0.002737452,0.6082436313951842,3.8217074479677775
1334.9470543160637,-0.0013115484627282958,0.0027421354,0.6125612108093267,3.8488355995052985
1334.9484432346637,0.0006635122626456047,0.0027453403,0.6168787902277101,3.8759637510694662
1334.9498321532633,-0.003134712314270316,0.0027427264,0.62119636964468,3.903091902624752
1334.951221071862,-0.003819811298877429,0.0027378693,0.6255139490588224,3.930220054162273
1334.9526099904622,-0.006858370223328469,0.0027331868,0.6298315284779127,3.957348205730882
1334.9539989090624,-0.008654002645895997,0.0027328567,0.6341491078970029,3.9844763572994903
1334.9553878276618,-0.010659936902602474,0.0027385335,0.6384666873132658,4.011604508850335
1334.9567767464941,-0.008958438927557988,0.0027433985,0.6427842674540107,4.038732664953233
1334.959554583693,-0.003252033749006733,0.0027505406,0.6514194262872435,4.092988968059363
1334.9609435022924,-0.004029105033484526,0.002749947,0.6557370057035065,4.120117119610208
1334.962332420892,-0.0011936933470615418,0.002748942,0.6600545851204762,4.1472452711654935
1334.963721339259,0.00047008823272842726,0.002753159,0.6643721638150845,4.174373418182048
1334.965110257859,0.007048084278313049,0.0027620362,0.6686897432327611,4.201501569741775
1334.9664991764575,0.00024066660399901796,0.00275731,0.6730073226469035,4.228629721279296
1334.9678880950576,-0.004146000833502472,0.0027590664,0.677324902065287,4.255757872843463
1334.9692770136571,-0.0018597817526578853,0.0027663251,0.6816424814822568,4.282886024398749
1334.9706659322558,0.0010204645012176217,0.0027674274,0.6859600608963993,4.31001417593627
1334.972054850856,-0.0010667896032161561,0.0027733762,0.6902776403154895,4.337142327504879
1334.974832688055,0.0049408710778438,0.0027851195,0.6989127991487223,4.391398630611009
1334.9762216066545,-0.0009354795010756423,0.0027821246,0.703230378565692,4.418526782166294
1334.9776105252547,-0.00039538760945778684,0.0027846927,0.7075479579847822,4.445654933734903
1334.9789994438534,0.002149074825511077,0.0027855292,0.7118655373989248,4.472783085272424
1334.980388362453,0.009160628792797887,0.0027967002,0.7161831168158945,4.499911236827709
1334.981777281053,0.007823070955781497,0.002788343,0.7205006962342779,4.527039388391877
1334.9831661996525,0.008439925407512594,0.002786638,0.7248182756512477,4.554167539947163
1334.984555118019,0.003164237505772549,0.0027803557,0.7291358543437355,4.581295686950394
1334.9887218738174,0.006875925002518324,0.002763872,0.742088592593938,4.662680141611809
1334.9901107924168,0.004011324337269917,0.0027615416,0.746406172010201,4.6898082931626535
1334.9914997110163,0.002433568348991999,0.0027526794,0.7507237514271707,4.716936444717939
1334.9928886296163,0.005590960899764741,0.0027547576,0.7550413308455541,4.744064596282107
1334.994277547983,0.006590846630943004,0.0027483853,0.7593589095387487,4.771192743289778
1334.9970553851826,0.0027194921552627926,0.0027514216,0.7679940683741019,4.825449046409232
1334.9984443037813,0.008355056632820657,0.002744981,0.7723116477882445,4.852577197946753
1335.0026110593478,0.009573108571124367,0.0027486745,0.7852643853174991,4.93396164807832
1335.0039999779472,0.008578053982130185,0.0027549353,0.7895819647337621,4.961089799629164
1335.0053888965465,0.00836885170626811,0.0027538806,0.793899544150025,4.988217951180008
1335.006777815146,0.01286489123909329,0.0027563374,0.7982171235669948,5.015346102735294
1335.0081667335128,0.011346632300870851,0.0027558112,0.8025347022601894,5.042474249742966
1335.009555652112,0.007459526017366991,0.0027534815,0.8068522816764523,5.06960240129381
1335.0109445707117,0.009689591516137908,0.0027591258,0.8111698610934222,5.096730552849096
1335.0123334893117,0.01880679446622402,0.0027651896,0.8154874405118056,5.123858704413263
1335.0137224076784,0.006888102680029262,0.0027602962,0.8198050192050002,5.150986851420935
1335.015111326277,0.01015146307937509,0.002766263,0.8241225986191426,5.178115002958457
1335.0192780818427,0.008308712605412105,0.0027775557,0.83707533614557,5.259499453072259
1335.020667000443,0.008403980301629255,0.0027786193,0.8413929155646602,5.286627604640867
1335.0220559190432,0.00877276578970787,0.0027794307,0.8457104949837504,5.313755756209476
1335.0248337560085,0.015526050233363065,0.0027882748,0.8543456530910876,5.3680120547546695
1335.0262226746086,0.018262243508629816,0.002794324,0.858663232509471,5.395140206318837
1335.0276115932072,0.015968107180378333,0.0027973366,0.8629808119236135,5.422268357856359
1335.029000511574,0.019549481316525563,0.0028049832,0.8672983906168081,5.449396504864031
1335.030389430174,0.026843175951253073,0.0028035396,0.8716159700351915,5.4765246564281975
1335.0317783487735,0.024660819761284758,0.0028031208,0.8759335494521613,5.503652807983483
1335.0331672671402,0.029457879082298133,0.0028044675,0.8802511281453559,5.5307809549911555
1335.0345561857396,0.029359161184000948,0.0028078922,0.8845687075616189,5.557909106542
1335.035945104107,0.025158798228968715,0.0028038824,0.8888862862569339,5.585037253562994
1335.0373340227063,0.033805738922097706,0.0028099031,0.8932038656731969,5.612165405113839
1335.0387229413052,0.03280990461241651,0.002811909,0.8975214450880462,5.639293556655802
1335.0401118596726,0.036465086020365245,0.0028160352,0.9018390237833612,5.6664217036767965
1335.0415007782726,0.034351498441378636,0.0028106442,0.9061566032017446,5.693549855240964
1335.0428896968713,0.035062718889603106,0.0028112181,0.9104741826158872,5.720678006778486
1335.0442786152382,0.03287279263565168,0.0028082817,0.9147917613097886,5.747806153790599
1335.0456675338382,0.0366000128016577,0.0028098833,0.919109340728172,5.774934305354766
1335.047056452204,0.03319871122626872,0.0028059138,0.9234269194185394,5.802062452344674
1335.0484453708036,0.03986730700218177,0.0028118445,0.9277444988355091,5.82919060389996
1335.0498342891708,0.043252541912226494,0.0028152135,0.9320620775301174,5.856318750916514
1335.0512232077704,0.04908498097147307,0.002819096,0.9363796569470871,5.8834469024718
1335.05261212637,0.04140310689386073,0.0028151162,0.9406972363640569,5.910575054027085
1335.0540010447364,0.03895994093128463,0.0028134643,0.9450148150565447,5.937703201030316
1335.0553899633358,0.03889272811548472,0.0028162375,0.9493323944728076,5.96483135258116
1335.0567788817027,0.044878700369171964,0.0028181728,0.9536499731667091,5.991959499593273
1335.058167800302,0.043698900298323684,0.0028180867,0.9579675525829721,6.019087651144118
1335.0595567186685,0.05015132640828668,0.002820122,0.9622851312754598,6.046215798147348
1335.0609456372688,0.053330757628052394,0.0028253011,0.9666027106945501,6.073343949715957
1335.0623345556353,0.05256706037001746,0.002824959,0.9709202893870378,6.100472096719188
1335.0637234742342,0.05328957957988556,0.0028228385,0.9752378688018871,6.1276002482611505
1335.0651123926016,0.058626779629356474,0.0028279116,0.9795554474972022,6.154728395282146
1335.066501311201,0.05520837782122068,0.002827087,0.9838730269134651,6.181856546832989
1335.067890229567,0.057869190355529065,0.0028290972,0.9881906056045393,6.208984693827339
1335.0692791481672,0.05589148972174063,0.002833701,0.9925081850236296,6.236112845395947
1335.0706680665344,0.06014380279695564,0.0028294872,0.9968257637182378,6.263240992412502
1335.072056985133,0.060312091071199836,0.0028315685,1.0011433431323804,6.290369143950024
1335.0734459034998,0.05840549640711035,0.0028256057,1.005460921825575,6.317497290957696
1335.0748348220998,0.06872665891107488,0.0028419024,1.0097785012439584,6.344625442521863
1335.0762237404665,0.06279175419886851,0.0028319415,1.014096079937153,6.3717535895295345
1335.0776126588332,0.05682573301928118,0.0028297903,1.0184136586303476,6.398881736537207
1335.0790015774326,0.06298792087900873,0.0028325904,1.0227312380466105,6.426009888088051
1335.0803904958,0.05763665007575458,0.002825575,1.0270488167419256,6.453138035109046
1335.0817794143993,0.05373046118785085,0.0028278409,1.0313663961581885,6.4802661866598905
1335.0831683327654,0.05431927925602409,0.0028329208,1.0356839748492628,6.50739433365424
1335.0845572511328,0.055141213877861084,0.0028292346,1.0400015535445777,6.534522480675235
1335.085946169732,0.05240772605551802,0.0028288967,1.0443191329608408,6.56165063222608
1335.0873350880981,0.05350521653031892,0.002826055,1.0486367116519149,6.588778779220428
1335.0887240066984,0.05580740021640329,0.0028276397,1.052954291071005,6.615906930789036
1335.0901129250656,0.048576067614879426,0.0028220098,1.0572718697656134,6.643035077805591
1335.0915018434314,0.049581841902017976,0.0028248879,1.0615894484559807,6.670163224795498
1335.092890762031,0.05011804942728171,0.002825672,1.0659070278729503,6.697291376350783
1335.0942796803981,0.04906410097896119,0.0028242955,1.0702246065675587,6.724419523367338
1335.0956685987642,0.045162230063819475,0.0028224757,1.0745421852586328,6.751547670361687
1335.0970575173635,0.05219075194482348,0.0028249307,1.0788597646748959,6.778675821912532
1335.098446435731,0.04857036608924936,0.002823742,1.0831773433702108,6.8058039689335255
1335.0998353540974,0.051121109297761924,0.0028244865,1.0874949220626986,6.832932115936757
1335.1012242726972,0.07443212686031231,0.0028411676,1.0918125014803752,6.8600602674964835
1335.1109467017297,0.07539355442858331,0.0028439288,1.122035553779581,7.049957305640974
1335.1123356200962,0.06847348121310559,0.0028400584,1.1263531324720688,7.077085452644205
1335.1137245384637,0.07038741326414222,0.0028419467,1.130670711167384,7.104213599665201
1335.1151134570625,0.06229369276454788,0.0028372197,1.1349882905822333,7.131341751207163
1335.116502375429,0.05888901385466827,0.002833349,1.1393058692747209,7.1584698982103925
1335.1178912937964,0.06494294764396535,0.0028365161,1.143623447970036,7.185598045231388
1335.119280212163,0.06733635608010191,0.0028386638,1.1479410266625238,7.212726192234619
1335.1206691307625,0.061877369543063,0.002835072,1.1522586060794935,7.239854343789904
1335.1220580491292,0.06894981035804659,0.002839088,1.156576184772688,7.266982490797576
1335.1234469674957,0.0665428013912408,0.0028375455,1.160893763465176,7.294110637800808
1335.1248358858625,0.0678591995762785,0.0028448422,1.1652113421583705,7.32123878480848
1335.1262248042292,0.06588693810927371,0.0028388083,1.1695289208515651,7.348366931816151
1335.1276137228285,0.07103869435105636,0.0028398605,1.1738465002678282,7.375495083366997
1335.129002641196,0.06525168450885532,0.002837748,1.1781640789631431,7.402623230387991
1335.1303915595624,0.0751028220940706,0.002844183,1.182481657655631,7.429751377391222
1335.1317804779285,0.06823664491348391,0.0028435532,1.1867992363467053,7.456879524385571
1335.1331693962957,0.07596413417634884,0.0028513146,1.1911168150413134,7.484007671402125
1335.1345583146624,0.07379142924141102,0.0028454354,1.195434393734508,7.511135818409797
1335.1359472332613,0.07920277072058912,0.0028526555,1.1997519731493573,7.5382639699517595
1335.1373361516285,0.07806376797800274,0.0028474804,1.2040695518439655,7.5653921169683125
1335.1387250699956,0.0761362807664423,0.0028444608,1.2083871305385738,7.592520263984868
1335.1401139883617,0.07939305422435039,0.0028469518,1.212704709229648,7.619648410979216
1335.1415029067282,0.07854699962588052,0.0028450617,1.2170222879221357,7.646776557982447
1335.1428918250956,0.07178834706182946,0.0028411897,1.2213398666174509,7.673904705003443
1335.1442807434616,0.07706560878100932,0.0028438726,1.225657445308525,7.701032851997791
1335.145669662061,0.07528792007531582,0.0028457758,1.229975024724788,7.728161003548636
1335.1470585804284,0.07040766745386118,0.0028416328,1.234292603420103,7.755289150569631
1335.148447498795,0.07402140406486701,0.002849078,1.2386101821125908,7.782417297572862
1335.1498364171616,0.07654735447751304,0.0028464175,1.2429277608057854,7.809545444580534
1335.1512253355284,0.07443599728846584,0.002845575,1.24724533949898,7.836673591588206
1335.1526142538955,0.07720710961490873,0.0028453735,1.2515629181935883,7.863801738604761
1335.1540031722623,0.0663381299767416,0.002841605,1.255880496886783,7.890929885612433
1335.155392090628,0.07458346651307401,0.0028488669,1.2601980755771502,7.91805803260234
1335.1567810089953,0.07559233101256568,0.0028445553,1.2645156542717584,7.945186179618894
1335.1581699273627,0.06974127777322114,0.002842316,1.2688332329670735,7.972314326639889
1335.1595588457287,0.07188215856884916,0.0028447746,1.2731508116581476,7.999442473634238
1335.1609477640952,0.07216456332145693,0.0028439919,1.2774683903506354,8.026570620637468
1335.1623366824626,0.07837078045125256,0.0028489481,1.2817859690459505,8.053698767658464
1335.1637256008287,0.07571555848301559,0.0028467788,1.2861035477370246,8.080826914652812
1335.1651145191952,0.071405360172343,0.0028458454,1.2904211264295125,8.107955061656044
1335.1665034375626,0.06900092172374372,0.0028421653,1.2947387051248276,8.13508320867704
1335.167892355929,0.059809666219555746,0.0028396924,1.2990562838173152,8.162211355680268
1335.1692812742956,0.06338889024882755,0.0028397746,1.303373862509803,8.1893395026835
1335.1706701926626,0.05433985404440578,0.0028366642,1.3076914412037044,8.216467649695613
1335.172059111029,0.057190913826270506,0.0028380197,1.3120090198961922,8.243595796698845
1335.1734480293956,0.05185119722102627,0.002837618,1.31632659858868,8.270723943702075
1335.1748369477623,0.056236091818334444,0.002835098,1.3206441772818747,8.297852090709748
1335.176225866129,0.05149396677786422,0.0028376419,1.3249617559750693,8.32498023771742
1335.1776147844962,0.055527830139211254,0.0028370088,1.3292793346696776,8.352108384733974
1335.179003702863,0.05042013902071174,0.002836214,1.3335969133628722,8.379236531741647
1335.180392621229,0.044672680669119114,0.0028307908,1.3379144920539463,8.406364678735995
1335.1817815395962,0.03811599514475561,0.0028267875,1.3422320707485544,8.433492825752548
1335.183170457963,0.040995404709999184,0.0028300895,1.346549649441749,8.46062097276022
1335.1845593763287,0.03955752749438757,0.00282969,1.3508672281321166,8.487749119750129
1335.185948294696,0.039227718221846786,0.0028313913,1.3551848068267247,8.514877266766682
1335.1873372130633,0.03672079438453979,0.002831212,1.3595023855220398,8.542005413787678
1335.1887261314293,0.027549489977105823,0.002830579,1.363819964213114,8.569133560782026
1335.190115049563,0.03083519961890513,0.0028281529,1.3681375421818265,8.596261703237644
1335.1915039679304,0.02552608333091011,0.002829598,1.3724551208771416,8.62338985025864
1335.192892886297,0.023441336268097412,0.002826857,1.3767726995696294,8.65051799726187
1335.1942818046637,0.024413059467775833,0.0028217742,1.381090278262824,8.677646144269543
1335.1956707230304,0.020357604533973728,0.0028205307,1.3854078569560186,8.704774291277214
1335.1970596413976,0.021552783981402923,0.0028206406,1.3897254356506268,8.731902438293767
1335.1984485597643,0.014207410689014432,0.0028162047,1.3940430143438214,8.75903058530144
1335.1998374778973,0.016449999613082023,0.0028201465,1.3983605923104137,8.786158727743734
1335.2012263962645,0.011882153829840147,0.0028167001,1.4026781710050218,8.813286874760289
1335.2026153146312,0.00901542445280512,0.0028106938,1.4069957496982164,8.84041502176796
1335.204004232997,0.008885496991961395,0.0028126875,1.411313328388584,8.86754316875787
1335.2053931513644,0.011025497581160115,0.0028129283,1.4156309070838988,8.894671315778863
1335.2067820697318,-0.0031415753412873393,0.0027998218,1.419948485779214,8.921799462799859
1335.208170987865,0.002496013550618459,0.0028032546,1.424266063746513,8.948927605246594
1335.2095599062316,-0.0005170063399877467,0.0027979966,1.4285836424390008,8.976055752249826
1335.210948824599,-0.0018675173091902142,0.0027975882,1.4329012211343157,9.00318389927082
1335.2123377429648,0.0009705215049951033,0.0027990213,1.437218799824683,9.030312046260727
1335.2137266613315,-0.0023897227610487626,0.0027964562,1.4415363785178776,9.0574401932684
1335.215115579466,-0.0010842355024218708,0.0027954406,1.4458539564894175,9.08456833574178
1335.2165044978326,0.0033887621190362704,0.0028004914,1.4501715351819053,9.111696482745012
1335.217893416199,0.0036034847084509547,0.002796264,1.4544891138743932,9.138824629748243
1335.2192823345658,-0.00039488741311433095,0.002790835,1.4588066925675878,9.165952776755915
1335.2206712526997,-0.0015128058027364943,0.0027901095,1.4631242705370073,9.193080919215975
1335.2220601710662,0.0013102160420492837,0.0027916422,1.467441849229495,9.220209066219205
1335.2234490894327,-0.001075612020086547,0.002788255,1.4717594279219828,9.247337213222435
1335.2248380077995,-0.0008825793426758821,0.0027824917,1.4760770066151774,9.274465360230108
1335.2262269259338,-0.003127400215397591,0.0027801276,1.4803945845860105,9.301593502699049
1335.2276158443008,0.0028852477537901766,0.0027798945,1.4847121632799118,9.328721649711161
1335.2290047626666,-0.007175705782213715,0.0027732444,1.4890297419702794,9.35584979670107
1335.230393680801,0.005145039654788519,0.0027737769,1.4933473199411123,9.38297793917001
1335.2317825991684,-0.003053006901620914,0.0027690267,1.4976648986364274,9.410106086191005
1335.2331715175349,0.0003943842810053555,0.0027606508,1.5019824773289152,9.437234233194236
1335.2345604356688,-0.0018667512738834713,0.0027592273,1.5063000552983346,9.464362375654295
1335.2359493540355,0.0029268669334633346,0.0027576385,1.5106176339915292,9.491490522661966
1335.237338272402,0.000810762645157892,0.0027553218,1.514935212684017,9.518618669665196
1335.2387271905359,0.002510630275975978,0.002754732,1.5192527906534365,9.545746812125257
1335.2401161089026,-0.00016371846423135494,0.002750233,1.5235703693466311,9.572874959132928
1335.2415050272698,-0.0025524794270016526,0.0027468533,1.5278879480412393,9.600003106149481
1335.2428939454037,0.0026594887878740314,0.002747163,1.5322055260106586,9.62713124860954
1335.2442828637695,0.0033302427468588913,0.0027467818,1.5365231047010262,9.654259395599448
1335.2456717821367,0.0014742021959288643,0.0027429266,1.5408406833956343,9.681387542616003
1335.2470607002706,0.003235611300174468,0.0027407962,1.5451582613650536,9.70851568507606
1335.2484496186364,-0.001320202029131079,0.0027343892,1.5494758400554212,9.73564383206597
1335.249838536771,0.0016727756678165395,0.0027406493,1.553793418026961,9.76277197453935
1335.2512274551384,0.001463842231958279,0.0027391538,1.558110996722276,9.789900121560345
1335.2526163735045,-0.0009565978983820944,0.0027422456,1.5624285754133502,9.817028268554694
1335.2540052916381,-0.0008097704863031518,0.0027387612,1.5667461533820628,9.844156411010312
1335.2553942100055,0.0033293042818451912,0.002732245,1.571063732077378,9.871284558031308
1335.2567831281385,0.002626871955913268,0.0027303025,1.57538131004397,9.898412700473601
1335.2581720465053,0.0007904379044024745,0.0027311451,1.5796988887371646,9.925540847481273
1335.2595609646398,-0.001966421165863763,0.0027280275,1.5840164667087044,9.952668989954654
1335.2609498830063,-0.0029874472662845264,0.0027291682,1.5883340454011923,9.979797136957885
1335.2623388013728,-0.001681879438351408,0.00272998,1.59265162409368,10.006925283961117
1335.2637277195067,-0.00020431891687089365,0.0027314874,1.5969692020630994,10.034053426421174
1335.2651166378735,0.0014591750423657013,0.002733799,1.601286780756294,10.061181573428847
1335.2665055560071,-0.004200202363617955,0.0027307519,1.6056043587250068,10.088309715884465
1335.2678944743736,0.006413918687831366,0.0027349454,1.6099219374174947,10.115437862887696
1335.2692833925082,0.004096573568131978,0.0027342488,1.6142395153890345,10.142566005361077
1335.2706723108756,-0.0021953947823100117,0.002735763,1.6185570940843494,10.169694152382071
1335.2720612290088,0.0036811889378172147,0.002736557,1.6228746720516485,10.196822294828808
1335.2734501473753,-0.006625806011235635,0.0027228603,1.6271922507441363,10.223950441832038
1335.27483906551,-0.0011682625926400236,0.0027304844,1.6315098287156762,10.25107858430542
1335.2762279838757,-0.002330550705479273,0.0027295614,1.6358274074060435,10.278206731295327
1335.2776169020096,-0.00332907944097649,0.00273488,1.640144985375463,10.305334873755386
1335.2790058203768,-0.0002451461280718048,0.0027408504,1.6444625640700712,10.33246302077194
1335.2803947385107,-0.006786572790880907,0.002738394,1.6487801420394905,10.359591163231999
1335.2817836566444,0.002129347922834479,0.0027430844,1.6530977200082033,10.386719305687617
1335.2831725750111,-0.0030813056693421714,0.0027417382,1.657415298701398,10.413847452695288
1335.284561493145,-0.0024018624404463784,0.002745396,1.6617328766708173,10.440975595155347
1335.2859504115115,-0.003658568479065094,0.0027468696,1.666050455363305,10.468103742158577
1335.2873393296452,0.0008354304601441154,0.002746731,1.6703680333320177,10.495231884614194
1335.2901171661463,-0.0017214608933725506,0.0027518698,1.6790031899960454,10.549488174090808
1335.2915060842802,-0.0023847366062552666,0.002758028,1.683320767965465,10.576616316550867
1335.292895002646,0.00046416405706117825,0.0027629272,1.6876383466558322,10.603744463540774
1335.2942839207806,0.0020337886167474117,0.0027614667,1.691955924627372,10.630872606014156
1335.2956728391473,0.0006491615712457266,0.002769186,1.6962735033205667,10.658000753021827
1335.2970617572803,-0.0071443067236998115,0.0027641538,1.7005910812871587,10.685128895464121
1335.2984506754149,-0.008170578943648477,0.002765448,1.7049086592586986,10.712257037937503
1335.2998395937823,-0.0004344030421812306,0.0027730458,1.7092262379540137,10.739385184958499
1335.3012285119153,-0.0014270622048135895,0.0027785385,1.713543815920606,10.766513327400792
1335.3026174300492,0.0018335645153098046,0.0027751178,1.7178613938900253,10.793641469860852
1335.3040063484164,-0.003960291544639505,0.0027751352,1.7221789725846337,10.820769616877406
1335.3053952665493,0.0020668866210091785,0.0027679866,1.7264965505512258,10.8478977593197
1335.3067841846835,-0.0012890458746548372,0.0027635912,1.730814128521352,10.8750259017842
1335.3081731030506,0.006773767317322488,0.002763956,1.7351317072159602,10.902154048800753
1335.309562021185,0.0024178697640308,0.0027595728,1.7394492851867933,10.929282191269694
1335.310950939319,0.00443689524849511,0.0027488673,1.7437668631562129,10.956410333729753
1335.3123398576847,-0.0006513755504047314,0.0027462197,1.7480844418465802,10.98353848071966
1335.3137287758193,0.008537808488210064,0.0027415098,1.75240201981812,11.010666623193043
1335.315117693953,-0.003562672678353085,0.0027342527,1.7567195977868326,11.037794765648659
1335.3165066120862,0.00019745977748475418,0.0027325768,1.7610371757541317,11.064922908095395
1335.3178955304536,0.006078928308061893,0.0027349775,1.7653547544494468,11.092051055116391
1335.3192844485882,0.002533705605728631,0.0027328886,1.7696723324209866,11.119179197589771
1335.3206733667212,-0.0037665059073845875,0.002730922,1.7739899103875787,11.146307340032065
1335.322062285088,0.003884098213391751,0.0027356169,1.7783074890807733,11.173435487039738
1335.3234512032222,-0.005288679681112907,0.0027275735,1.7826250670516064,11.200563629508679
1335.3248401213552,-0.005156970636482905,0.0027297628,1.7869426450181987,11.227691771950973
1335.3262290394891,-0.0015994740403922902,0.002733074,1.791260222987618,11.25481991441103
1335.3276179578563,-0.004257848698237421,0.0027308676,1.7955778016822264,11.281948061427586
1335.3290068759904,-0.0012122181964575596,0.0027407997,1.7998953796523525,11.309076203892085
1335.3303957941241,0.0024204242571904677,0.0027430386,1.804212957621065,11.336204346347701
1335.3317847122578,-0.000932787363264409,0.0027386874,1.8085305355897778,11.36333248880332
1335.3331736303917,-0.0049447705111680396,0.0027366935,1.8128481135591972,11.390460631263378
1335.3345625487584,-0.002390131861721545,0.0027432356,1.8171656922523918,11.41758877827105
1335.335951466892,0.0005266676467060583,0.00274512,1.8214832702211043,11.444716920726666
1335.3373403850258,0.002593165739955716,0.0027491872,1.8258008481898171,11.471845063182286
1335.3387293031603,-0.004755891661048173,0.002752789,1.830118426161357,11.498973205655666
1335.3498406484644,0.0005743101516038074,0.0027723066,1.8646590506404876,11.715998349883748
1335.351229566598,0.0008765021925603023,0.0027818256,1.8689766286092002,11.743126492339366
1335.352618484732,0.004973435082621824,0.0027729706,1.8732942065786196,11.770254634799423
1335.3540074030986,0.007810812892709906,0.0027793685,1.8776117852718144,11.797382781807096
1335.3553963212323,0.008290350378293398,0.0027816389,1.881929363240527,11.824510924262713
1335.356785239366,0.015170737017166092,0.0027819022,1.8862469412092395,11.851639066718331
1335.3581741575006,0.013389443212511454,0.0027825097,1.8905645191807794,11.878767209191713
1335.3595630756342,0.013275014292561171,0.002777973,1.894882097149492,11.90589535164733
1335.3609519937675,0.014948878780845165,0.002782916,1.899199675116791,11.933023494094066
1335.362340911902,0.012947083390925318,0.0027814948,1.9035172530883309,11.960151636567446
1335.3637298300357,0.01155400083107172,0.00277871,1.9078348310570434,11.987279779023064
1335.365118748169,0.018517374512997176,0.0027862017,1.9121524090243425,12.014407921469799
1335.3665076663035,0.014677896716192906,0.0027836007,1.9164699869958823,12.04153606394318
1335.3678965844379,0.018461343492955917,0.0027843374,1.9207875649667154,12.068664206412121
1335.3692855025708,0.015216395283088047,0.0027832438,1.9251051429333077,12.095792348854417
1335.3706744207047,0.02193857644571051,0.002785914,1.929422720902727,12.122920491314474
1335.372063338839,0.017290419163433213,0.0027821253,1.9337402988735601,12.150048633783415
1335.3734522569723,0.017625391069927776,0.0027819357,1.9380578768408592,12.17717677623015
1335.374841175106,0.013309713942479817,0.0027835153,1.9423754548095717,12.204304918685768
1335.3762300932406,0.022639646466656504,0.0027949256,1.9466930327811116,12.23143306115915
1335.3776190113745,0.016242223669886702,0.0027861607,1.9510106107505312,12.258561203619209
1335.3790079295084,0.01922433738185325,0.0027855702,1.9553281887199505,12.285689346079266
1335.380396847642,0.02196263893176509,0.002787546,1.959645766688663,12.312817488534883
1335.3817857657757,0.018543960760462275,0.002788669,1.9639633446573759,12.339945630990503
1335.3831746839096,0.017964439104992236,0.0027838591,1.9682809226267952,12.36707377345056
1335.3845636020435,0.01598337668510652,0.0027850221,1.9725985005962146,12.394201915910617
1335.3859525201772,0.015745941083753934,0.0027868447,1.9769160785649273,12.421330058366236
1335.3873414383118,0.01582431879579027,0.0027833171,1.9812336565364672,12.448458200839617
1335.3887303564454,0.02034381938611851,0.0027857064,1.9855512345051798,12.475586343295234
1335.3901192745793,0.017869033811737323,0.0027823779,1.9898688124745991,12.502714485755293
1335.3915081927137,0.015393661587850938,0.0027828822,1.9941863904454322,12.529842628224234
1335.392897110847,0.01800936048407853,0.0027830743,1.9985039684127313,12.556970770670969
1335.3942860287477,0.014818785768770715,0.002783497,2.002821545657669,12.584098908578973
1335.3956749468823,0.021288101056522013,0.0027870373,2.0071391236292087,12.611227051052355
1335.3970638650162,0.024653069612279754,0.002786985,2.011456701598628,12.638355193512412
1335.39845278315,0.017489458485457465,0.002784611,2.0157742795680473,12.665483335972471
1335.3998417012838,0.021120264687878754,0.0027852606,2.02009185753676,12.69261147842809
1335.4012306194174,0.01511396008703314,0.0027836638,2.024409435505473,12.719739620883708
1335.4026195375513,0.023965774437726184,0.0027910408,2.0287270134748923,12.746867763343765
1335.4040084556852,0.02396247071377644,0.002788093,2.0330445914443116,12.773995905803824
1335.405397373586,0.021585283082419693,0.0027891903,2.037362168689249,12.801124043711829
1335.4067862917207,0.021240090706518444,0.0027872426,2.041679746660789,12.828252186185209
1335.4081752098543,0.02075916445044146,0.0027917535,2.0459973246295013,12.855380328640825
1335.4095641279876,0.022045969804548537,0.0027895733,2.0503149025968006,12.882508471087561
1335.4109530461221,0.021024031550321842,0.0027886545,2.0546324805683405,12.909636613560943
1335.4123419642565,0.022213875801147864,0.002788836,2.0589500585391733,12.936764756029882
1335.4137308821566,0.0243093699168071,0.0027895703,2.0632676357819904,12.963892893924564
1335.4151198002905,0.02200952443593507,0.0027883712,2.06758521375141,12.991021036384625
1335.416508718425,0.02430016719390582,0.0027918804,2.071902791722243,13.018149178853564
1335.4192865546918,0.02355500158298729,0.0027907365,2.0805379476582546,13.072405463755917
1335.4206754725935,0.02035056271008462,0.002789885,2.084855524906019,13.099533601681683
1335.4220643907274,0.026123722000225946,0.002789147,2.0891731028754386,13.126661744141742
1335.4234533088613,0.019687024669819975,0.0027877847,2.0934906808448583,13.153789886601803
1335.424842226995,0.022264535819426,0.0027911637,2.0978082588135707,13.180918029057418
1335.4262311448958,0.020678295758264076,0.002788217,2.1021258360585082,13.208046166965422
1335.4276200630297,0.020400919753177815,0.0027916876,2.1064434140279276,13.23517430942548
1335.4290089811636,0.02282891890635952,0.0027913942,2.1107609919973473,13.26230245188554
1335.4303978992982,0.026507622221087157,0.002792525,2.115078569968887,13.289430594358922
1335.4317868171997,0.021353047320951335,0.0027906517,2.119396147215945,13.316558732280248
1335.4331757353327,0.025236931378622263,0.002794236,2.123713725182537,13.343686874722543
1335.4345646534666,0.02794687935823914,0.0027938485,2.1280313031519564,13.3708150171826
1335.4359535713681,0.019124221494559057,0.0027889318,2.1323488803990145,13.39794315510393
1335.4373424895014,0.02376761250368875,0.002790307,2.1366664583663133,13.425071297550662
1335.438731407635,0.022619536821120168,0.002787725,2.140984036335026,13.45219944000628
1335.4401203257696,0.026125354078991414,0.0027917903,2.145301614306566,13.479327582479662
1335.4415092436705,0.02810467692343832,0.0027975487,2.1496191915515035,13.506455720387667
1335.4428981618046,0.024496769716539468,0.0027910953,2.15393676952163,13.533583862852167
1335.4442870799382,0.020709516043445175,0.0027916455,2.158254347490342,13.560712005307783
1335.445675997839,0.021932300997210774,0.002789588,2.1625719247352797,13.587840143215788
1335.447064915973,0.0208205997788371,0.0027922837,2.166889502704699,13.614968285675845
1335.448453833874,0.030012395665972358,0.0027953505,2.1712070799503436,13.642096423588292
1335.4498427520077,0.023934893427183246,0.0027906145,2.175524657919056,13.669224566043908
1335.4512316701423,0.020359977252902395,0.0027904082,2.179842235890596,13.696352708517288
1335.4526205880431,0.02212696603419717,0.0027964297,2.1841598131355333,13.723480846425293
1335.4540095061764,0.024495721635310996,0.0027933486,2.1884773911028326,13.750608988872031
1335.455398424311,0.02521181641810233,0.0027911698,2.1927949690743724,13.777737131345413
1335.4567873422118,0.02541872766114084,0.0027947216,2.1971125463193095,13.804865269253414
1335.458176260345,0.021268753562051712,0.0027928783,2.201430124286609,13.83199341170015
1335.4595651782465,0.025733647516610114,0.0027899123,2.2057477015336664,13.859121549621475
1335.4609540963809,0.030856059086776133,0.0027930916,2.2100652795044997,13.886249692090418
1335.462343014514,0.027213084147525324,0.0027952997,2.2143828574717985,13.913377834537153
1335.463731932415,0.022145817112333654,0.0027877372,2.218700434716736,13.940505972445157
1335.4651208505495,0.026200040592863516,0.0027914597,2.223018012688276,13.967634114918539
1335.4665097684506,0.028808367515363198,0.0027927468,2.2273355899339204,13.994762252830984
1335.4678986865845,0.029042854205044488,0.002792428,2.23165316790334,14.021890395291043
1335.4692876044853,0.023461381695852213,0.0027881255,2.2359707451482773,14.049018533199048
1335.47067652262,0.02795552542954738,0.0027922792,2.240288323119817,14.076146675672428
1335.4720654405207,0.020634721521224586,0.0027876599,2.2446059003647547,14.103274813580432
1335.473454358654,0.03022715947104415,0.0027955514,2.2489234783320535,14.130402956027167
1335.4748432765557,0.02784947545468275,0.0027932147,2.253241055579818,14.157531093952935
1335.4762321946894,0.026780060045817233,0.0027933235,2.257558633548531,14.184659236408553
1335.4776211125898,0.027214381556297074,0.0027946106,2.2618762107920545,14.211787374307674
1335.479010030724,0.03476348228221893,0.002798768,2.266193788762888,14.238915516776615
1335.4803989486256,0.030983791008438066,0.0027950204,2.2705113660099454,14.26604365469794
1335.4817878667589,0.02505017500799389,0.0027929165,2.2748289439772447,14.293171797144678
1335.4831767846597,0.019563566964367007,0.0027944462,2.279146521222182,14.320299935052683
1335.4845657027943,0.024137806990484734,0.002793855,2.283464099193722,14.347428077526065
1335.4859546206947,0.02314792732341342,0.002793413,2.2877816764372456,14.374556215425184
1335.4873435388283,0.026391715249831194,0.0027948387,2.2920992544059584,14.401684357880802
1335.48873245673,0.01984061094360179,0.0027928334,2.296416831653723,14.42881249580657
1335.4901213748637,0.023540276363601897,0.0027962397,2.300734409622436,14.455940638262188
1335.4915102927648,0.018342434299081445,0.0027919726,2.30505198686808,14.483068776174632
1335.4928992106659,0.015583280800355537,0.002789373,2.3093695641137244,14.510196914087079
1335.4942881287996,0.01610316183624505,0.0027933486,2.3136871420824368,14.537325056542695
1335.4956770467004,0.01650505893260301,0.002795252,2.3180047193273743,14.5644531944507
1335.4970659648343,0.01704477792752912,0.0027926448,2.3223222972967936,14.591581336910757
1335.4984548827354,0.019102918375818678,0.002796759,2.326639874542438,14.618709474823204
1335.499843800637,0.015045794657490896,0.0027941428,2.3309574517902028,14.64583761274897
1335.5012327187708,0.019141102889406847,0.0027937696,2.3352750297589155,14.67296575520459
1335.5026216366712,0.01584770697772364,0.0027928306,2.339592607002439,14.700093893103709
1335.5040105548055,0.01154820634520104,0.0027940855,2.3439101849732724,14.727222035572652
1335.5053994727066,0.020416073381580357,0.0027994066,2.3482277622189165,14.754350173485095
1335.5067883906074,0.016722741251061102,0.002799172,2.352545339463854,14.7814783113931
1335.508177308742,0.009838588754582211,0.0027984849,2.356862917435394,14.808606453866481
1335.5095662266428,0.01396043561907967,0.002799878,2.3611804946803314,14.835734591774486
1335.510955144544,0.01513439956328999,0.0028013613,2.3654980719259755,14.86286272968693
1335.5123440626778,0.014482749147253227,0.0028019696,2.369815649895395,14.889990872146987
1335.5137329805787,0.013264419529826377,0.002800283,2.3741332271403324,14.917119010054991
1335.5151218984795,0.008521461339785708,0.0027962632,2.37845080438527,14.944247147962995
1335.5165108166134,0.013662027062827375,0.0028026323,2.3827683823546892,14.971375290423055
1335.5178997345145,0.005506853957890856,0.002794501,2.3870859596003338,14.9985034283355
1335.5192886524162,0.003256556637536656,0.002794416,2.3914035368480984,15.025631566261268
1335.520677570317,0.003772063699358119,0.0027950532,2.395721114093036,15.052759704169272
1335.5220664884503,0.00148145511787523,0.0027986013,2.4000386920603347,15.079887846616007
1335.5234554063518,-0.0025599615089300087,0.0027947314,2.4043562693073928,15.107015984537334
1335.5248443242529,0.0004363704847851757,0.0027903225,2.408673846553037,15.13414412244978
1335.5262332423858,-0.004450226966865811,0.0027828855,2.412991424519629,15.161272264892073
1335.5276221602874,-0.012882095803206983,0.00277864,2.417309001766687,15.188400402813402
1335.5290110781891,-0.0057911761725431,0.0027847514,2.4216265790144518,15.215528540739168
1335.5303999960895,-0.00839855590562344,0.0027807043,2.4259441562579758,15.242656678638292
1335.5317889142232,-0.0024451396895082134,0.002782809,2.430261734226688,15.269784821093907
1335.533177832125,-0.004513527564120157,0.0027819092,2.4345793114744527,15.296912959019675
1335.5345667500253,-0.008706354588072784,0.0027769532,2.4388968887179767,15.324041096918798
1335.5359556679261,-0.006526898220833743,0.0027788554,2.4432144659629143,15.351169234826802
1335.537344585828,-0.0040975061118362355,0.0027800677,2.447532043210679,15.37829737275257
1335.5387335039616,-0.0010975780128710255,0.0027830224,2.4518496211793916,15.405425515208188
1335.5401224218624,0.0016008694613480756,0.002780118,2.456167198424329,15.432553653116193
1335.5415113397635,0.008757863574379465,0.002780034,2.4604847756699733,15.459681791028636
1335.5429002576645,0.0014695528168053862,0.0027752977,2.4648023529156173,15.48680992894108
1335.5442891755663,0.003591146540182999,0.0027778137,2.4691199301633824,15.51393806686685
1335.5456780937,0.005545370751208534,0.0027751792,2.4734375081320947,15.541066209322466
1335.5470670116008,-0.0005419674960853715,0.0027683908,2.4777550853770323,15.56819434723047
1335.5484559295026,0.0025584346276346093,0.0027670136,2.482072662624797,15.595322485156238
1335.549844847403,0.005837720338020214,0.0027698705,2.486390239868321,15.62245062305536
1335.5512337653038,0.00487308980229928,0.0027605526,2.4907078171132584,15.649578760963365
1335.5526226832055,-0.0014842333655017415,0.0027565488,2.495025394361023,15.676706898889133
1335.5540116011064,0.0068583764103222755,0.002756657,2.4993429716059605,15.703835036797138
1335.5554005192403,0.006823209973672029,0.0027533271,2.50366054957538,15.730963179257195
1335.5567894371413,0.006080288661552746,0.002747962,2.507978126821024,15.758091317169638
1335.5581783550422,0.0013384819347734833,0.0027408414,2.5122957040659615,15.785219455077643
1335.559567272943,-0.0003092681586021051,0.002734893,2.516613281310899,15.812347592985647
1335.560956190844,0.00046584302101648767,0.0027423573,2.5209308585565435,15.839475730898094
1335.5623451087451,0.0015930856142939431,0.002737403,2.5252484358021876,15.866603868810538
1335.5637340266467,0.002150527934153157,0.002736335,2.5295660130492457,15.893732006731867
1335.5651229445477,0.007872483361568539,0.0027379317,2.5338835902948897,15.92086014464431
1335.5665118624481,0.008849911979430969,0.0027316175,2.5382011675384137,15.947988282543433
1335.5679007803496,0.0060372761138609565,0.0027284196,2.5425187447854714,15.975116420464758
1335.5692896982507,0.0035410276194697277,0.0027233192,2.546836322031116,16.002244558377203
1335.5706786161509,0.0026520555780739086,0.002725565,2.551153899273933,16.029372696271885
1335.5720675340524,-0.002470775820348048,0.0027250529,2.5554714765209905,16.056500834193212
1335.5734564519541,0.0035368112575935307,0.0027257046,2.5597890537687555,16.08362897211898
1335.5748453698545,-0.005721173185732509,0.0027192694,2.564106631012279,16.1107571100181
1335.5762342879882,0.004089444908246254,0.0027268142,2.568424208980992,16.13788525247372
1335.57762320589,0.003719752369763518,0.0027176908,2.5727417862287565,16.165013390399487
1335.5790121237903,0.0017713666001050177,0.0027155865,2.5770593634722805,16.19214152829861
1335.5804010416912,-0.002088535602750019,0.0027136796,2.581376940717218,16.219269666206614
1335.581789959593,-0.0035683770698712314,0.0027131636,2.5856945179649826,16.246397804132382
1335.5831788774938,-0.0010176308636768994,0.002713966,2.59001209520992,16.273525942040386
1335.5845677951618,-0.0009163808083204605,0.0027129883,2.5943296717310824,16.300654075400775
1335.5887345488657,-0.003122024853305594,0.002719334,2.6072824034701356,16.382038489151434
1335.5901234667658,0.002682001226933073,0.002720202,2.6115999807129526,16.409166627046115
1335.5915123846673,-0.008284536672271248,0.0027138211,2.6159175579600102,16.43629476496744
1335.592901302569,0.001134653614761727,0.0027197544,2.6202351352077753,16.46342290289321
1335.5942902204695,2.7416723914264196e-05,0.0027166961,2.624552712451299,16.49055104079233
1335.5956791383703,-0.003706972177035972,0.0027153473,2.6288702896962364,16.517679178700334
1335.597068056272,-0.0056227216359917565,0.0027148025,2.633187866944001,16.544807316626102
1335.5984569741722,-0.007076393048150553,0.002714999,2.637505444186818,16.571935454520784
1335.5998458920733,-0.0021705733843713215,0.0027232838,2.6418230214324625,16.59906359243323
1335.601234809975,-0.004310581376686717,0.002723884,2.646140598680227,16.626191730358997
1335.6026237278759,-0.0005709212445249578,0.0027294343,2.6504581759251646,16.653319868267
1335.604012645544,-0.00021053728421671636,0.0027314916,2.654775752446327,16.68044800162739
1335.605401563445,-0.0016979032999642207,0.002729225,2.659093329691971,16.707576139539835
1335.606790481346,0.002352717469062071,0.0027306238,2.6634109069376155,16.73470427745228
1335.6081793992469,0.0018178163971638295,0.0027312448,2.667728484182553,16.761832415360285
1335.6095683171477,-0.005272212787876707,0.0027326678,2.67204606142749,16.78896055326829
1335.6109572350488,0.0009124953893130394,0.0027377736,2.6763636386731346,16.816088691180735
1335.6123461529503,-0.0002435711334426438,0.0027419648,2.6806812159201923,16.84321682910206
1335.6137350706188,-0.0007744557755496873,0.002742591,2.6849987924427685,16.870344962471336
1335.615123988519,-0.002697505650727239,0.0027478107,2.6893163696855855,16.897473100366014
1335.6165129064204,-0.0003862204910626277,0.0027556915,2.693633946932643,16.92460123828734
1335.6179018243215,0.00460058051701806,0.0027600469,2.6979515241782877,16.951729376199786
1335.6192907422217,-0.0005147823242995786,0.0027589255,2.7022691014211047,16.978857514094468
1335.6206796601234,-0.0002691896320882181,0.0027626944,2.7065866786688693,17.005985652020236
1335.6220685777923,0.001412775172002556,0.0027644364,2.7109042551928586,17.03311378539839
1335.6234574956925,0.0009425558346363161,0.0027655393,2.7152218324356756,17.06024192329307
1335.6248464135936,0.0018721815993336666,0.0027627565,2.71953940968132,17.087370061205515
1335.6262353314953,0.001868967563145696,0.0027613936,2.7238569869290847,17.114498199131283
1335.6276242491633,0.0013049489353799126,0.0027578764,2.728174563450247,17.141626332491676
1335.6290131670642,0.002052960897884981,0.0027526412,2.7324921406951845,17.16875447039968
1335.6304020849652,0.0004878325469208633,0.0027422193,2.7368097179408286,17.19588260831212
1335.6317910028667,0.001209448906888344,0.0027402132,2.7411272951878867,17.22301074623345
1335.633179920535,0.0035796006428111538,0.0027384232,2.745444871709756,17.250138879598282
1335.6345688384351,0.0004460720690863118,0.002735589,2.749762448952573,17.277267017492964
1335.635957756337,0.006144625093813749,0.0027307374,2.7540800262003375,17.30439515541873
1335.637346674238,0.0029151793228305856,0.0027239427,2.7583976034459816,17.331523293331173
1335.6387355919053,0.001959852076494184,0.0027201306,2.762715179965024,17.358651426678243
1335.640124509807,0.0003377377139638371,0.0027190298,2.7670327572127884,17.38577956460401
1335.6415134277088,0.0035655623335562048,0.0027192307,2.771350334460553,17.41290770252978
1335.6429023453761,-0.0028625852386717776,0.0027164044,2.7756679109795948,17.440035835876845
1335.6442912632772,-0.000300349372413633,0.002720174,2.7799854882252393,17.46716397378929
1335.645680181179,-0.002998365162511174,0.0027218305,2.784303065473004,17.49429211171506
1335.6484580167473,0.0001110451362555942,0.0027241623,2.79293821923769,17.548548382974573
1335.6498469346488,0.003319101685354764,0.002726848,2.7972557964847478,17.575676520895897
1335.651235852317,0.0029165050827030248,0.0027268506,2.801573373006617,17.60280465426073
1335.652624770218,0.0037571697886495947,0.0027316697,2.8058909502515545,17.629932792168734
1335.6540136881188,0.006526245062203007,0.002731569,2.810208527496492,17.65706093007674
1335.655402605787,0.005757807671385673,0.0027308646,2.814526104018361,17.68418906344157
1335.6567915236885,0.004551008689475444,0.0027334369,2.818843681265419,17.711317201362895
1335.6581804415898,0.00727492347248615,0.0027444665,2.82316125851177,17.73844533927978
1335.6595693592571,0.005633813328961179,0.002740822,2.8274788350308118,17.76557347262685
1335.6609582771587,0.009638978282191069,0.0027448963,2.83179641227787,17.79270161054818
1335.662347194827,0.010414009032413185,0.0027512324,2.8361139887997386,17.819829743913008
1335.663736112728,0.008548421443453691,0.0027553188,2.840431566045383,17.846957881825453
1335.6651250306295,0.006047340358841469,0.0027576394,2.8447491432924408,17.87408601974678
1335.6665139482977,0.00652613991030615,0.002759003,2.84906671981431,17.90121415311161
1335.6679028661986,0.00980702563434166,0.002763114,2.8533842970592476,17.928342291019614
1335.6692917838668,0.007637033149014205,0.0027616671,2.857701873581117,17.955470424384448
1335.6706807017679,0.0028535474558638585,0.0027654814,2.862019450826761,17.982598562296893
1335.672069619436,0.006532522005952224,0.0027657372,2.866337027347923,18.00972669565728
1335.6734585373367,0.011948080172729858,0.002770043,2.8706546045928607,18.036854833565286
1335.6748474552378,0.006185858140878908,0.0027658402,2.874972181838505,18.06398297147773
1335.6762363729065,0.00829188759909183,0.002775677,2.8792897583617876,18.091111104851446
1335.6776252908076,0.015082788350652354,0.0027746577,2.8836073356074317,18.118239242763888
1335.6790142084749,0.011892099515512733,0.002770987,2.887924912126474,18.145367376110958
1335.6804031263766,0.014181145916410953,0.0027731338,2.8922424893742384,18.172495514036726
1335.6817920440449,0.012677666688755362,0.002769974,2.8965600658961077,18.19962364740156
1335.683180961945,0.015903814342254297,0.0027726067,2.9008776431389247,18.226751785296237
1335.684569879614,0.01466571709333242,0.0027747336,2.905195219662914,18.253879918674393
1335.6859587975157,0.013726463166246816,0.0027744223,2.9095127969106787,18.28100805660016
1335.687347715183,0.013923905516634472,0.0027712486,2.913830373429721,18.30813618994723
1335.688736633084,0.014129031944480896,0.0027739643,2.918147950675365,18.335264327859672
1335.690125550753,0.010316133377874959,0.0027682108,2.9224655271993543,18.362392461237825
1335.6915144684203,0.007140845508595284,0.0027650148,2.9267831037183965,18.389520594584894
1335.6929033863214,0.012436698050481532,0.0027709743,2.9311006809640405,18.41664873249734
1335.69429230399,0.017096774536800585,0.002773371,2.9354182574873233,18.443776865871055
1335.6956812218912,0.013084775783526181,0.0027734363,2.9397358347329674,18.470905003783496
1335.6970701395592,0.015500887574929845,0.00277633,2.9440534112541297,18.49803313714389
1335.69845905746,0.008598202131605337,0.0027677321,2.948370988499067,18.525161275051893
1335.6998479751283,0.00750726649875455,0.0027669035,2.9526885650209365,18.552289408416723
1335.7012368927965,0.01739574228765206,0.002773354,2.9570061415428053,18.579417541781552
1335.7026258106973,0.013759720606190573,0.0027735792,2.961323718787743,18.606545679689557
1335.7040147283662,0.011478287654388186,0.002772244,2.9656412953117326,18.633673813067716
1335.705403646268,0.014919849431651144,0.00277607,2.969958872559497,18.66080195099348
1335.7067925639353,0.01399038593644586,0.0027798773,2.974276449078539,18.68793008434055
1335.7081814816036,0.0166039617504532,0.0027762842,2.978594025600408,18.71505821770538
1335.709570399505,0.015751342401812307,0.0027714963,2.982911602847466,18.742186355626707
1335.7109593171724,0.014100172507746533,0.0027766237,2.987229179366508,18.769314488973777
1335.7123482348406,0.011941512142914945,0.0027752272,2.991546755888377,18.796442622338606
1335.7137371527422,0.01794059841811202,0.002776787,2.995864333135435,18.823570760259933
1335.7151260704106,0.010638795943520574,0.0027780507,3.0001819096580107,18.850698893629204
1335.7165149883115,0.01732714426131743,0.0027739515,3.004499486902948,18.87782703153721
1335.7179039059795,0.016187487701643244,0.0027748214,3.0088170634241105,18.9049551648976
1335.7192928236477,0.015799525648922508,0.0027756782,3.0131346399459797,18.932083298262434
1335.720681741316,0.01331926472453615,0.0027752118,3.0174522164678486,18.959211431627264
1335.7220706592168,0.016913295631589165,0.0027789988,3.021769793712786,18.986339569535268
1335.7234595768848,0.012775034588633494,0.002772184,3.0260873702339484,19.013467702895657
1335.7248484945537,0.01417675553766884,0.0027750426,3.030404946757938,19.040595836273813
1335.7262374124548,0.015193446304893277,0.002777253,3.0347225240035822,19.067723974186258
1335.7276263301221,0.012835641550262178,0.0027751832,3.039040100522624,19.094852107533324
1335.729015247791,0.014027874618623759,0.0027732886,3.0433576770466138,19.12198024091148
1335.730404165459,0.012021403722633606,0.0027740907,3.047675253567776,19.14910837427187
1335.7317930833594,0.0122492268100991,0.0027732954,3.0519928308112996,19.17623651217099
1335.7331820010284,0.01242397328423972,0.0027723715,3.0563104073352894,19.203364645549147
1335.734570918697,0.010788843729486963,0.0027772868,3.060627983858572,19.230492778922862
1335.7359598363644,0.007582336039246629,0.002768275,3.064945560377614,19.25762091226993
1335.7373487542657,0.010199530517019717,0.0027742018,3.069263137623965,19.284749050186814
1335.7387376719344,0.015636383512612984,0.0027752712,3.0735807141472478,19.311877183560526
1335.7401265896017,0.00865747288559171,0.0027753604,3.0778982906662895,19.339005316907592
1335.74151550727,0.012540629232066225,0.002774553,3.0822158671881588,19.366133450272425
1335.7429044251714,0.013897968014835449,0.0027727971,3.0865334444352164,19.393261588193752
1335.7442933428404,0.014090546708188878,0.0027781317,3.090851020959206,19.420389721571908
1335.7456822605084,0.012947597509670228,0.0027751839,3.0951685974803684,19.447517854932297
1335.747071178176,0.010165354400351267,0.0027702253,3.099486174000117,19.474645988283807
1335.7484600958448,0.011192700284389456,0.0027739576,3.1038037505241065,19.50177412166196
1335.7498490137466,0.012365386238847531,0.0027764149,3.108121327771871,19.528902259587728
1335.751237931414,0.015576541731928906,0.0027774659,3.112438904290913,19.556030392934794
1335.7526268490822,0.012542000328393588,0.0027755282,3.116756480812782,19.583158526299627
1335.7540157667509,0.01160895499213166,0.0027775003,3.121074057336065,19.610286659673342
1335.7554046844182,0.007372114816961872,0.002775083,3.1253916338551067,19.637414793020408
1335.7567936020864,0.009266525097132217,0.0027739843,3.129709210376976,19.66454292638524
1335.758182519755,0.016815257956403373,0.0027831576,3.1340267869002587,19.691671059758953
1335.7595714376564,0.015509954230228384,0.0027796465,3.1383443641466098,19.71879919767584
1335.7609603553244,0.01626375204814212,0.0027811625,3.142661940667772,19.74592733103623
1335.7623492729924,0.012726189166547996,0.0027811632,3.1469795171889343,19.77305546439662
1335.7637381906607,0.01579497363213389,0.0027804282,3.151297093710803,19.80018359776145
1335.765127108329,0.014041158823717925,0.002776182,3.1556146702326724,19.827311731126283
1335.766516025997,0.012462335399421764,0.0027759988,3.1599322467538347,19.85443986448667
1335.767904943665,0.012862347593001422,0.0027750076,3.164249823274997,19.881567997847064
1335.7692938613338,0.013608699782445832,0.002777672,3.1685673997989867,19.90869613122522
1335.770682779002,0.01286390801834636,0.0027815795,3.1728849763208555,19.93582426459005
1335.7720716966694,0.011908856956355907,0.0027758433,3.1772025528398973,19.962952397937116
1335.7734606143383,0.012023125506190446,0.0027770922,3.181520129363887,19.99008053131527
1335.7748495320063,0.010405454937230552,0.0027738868,3.1858377058850493,20.01720866467566
1335.7762384496739,0.011709051609719134,0.0027768367,3.190155282404798,20.04433679802717
1335.7776273673428,0.013484002764761804,0.0027771022,3.1944728589287874,20.071464931405323
1335.7790162852443,0.012045935623258508,0.0027773548,3.1987904361758455,20.098593069326654
1335.7804052029117,0.013437572629710237,0.0027761976,3.203108012694887,20.12572120267372
1335.7817941205801,0.013240707978872779,0.0027759108,3.207425589217463,20.15284933604299
1335.7831830382488,0.012746224343641588,0.002777003,3.211743165740746,20.179977469416706
1335.784571955917,0.017576746175689717,0.0027768381,3.216060742262615,20.20710560278154
1335.785960873585,0.0187823682645627,0.0027784815,3.2203783187837773,20.234233736141928
1335.787349791253,0.012014724264433285,0.0027751247,3.2246958953049396,20.261361869502316
1335.788738708922,0.01548594039244744,0.002775337,3.229013471828929,20.288490002880472
1335.79012762659,0.018071335103786446,0.0027790116,3.233331048350091,20.31561813624086
1335.7915165440247,0.012407217804641935,0.0027771962,3.2376486241460647,20.342746265044756
1335.7929054616936,0.015571763428435359,0.0027794454,3.2419662006700545,20.369874398422912
1335.7942943793616,0.013283684397182638,0.0027783695,3.2462837771912167,20.397002531783304
1335.7956832970292,0.019740906364753785,0.0027795592,3.2506013537109655,20.42413066513481
1335.7970722146981,0.010624794203324184,0.0027799332,3.254918930234955,20.451258798512963
1335.7984611323668,0.012770363638515914,0.002778646,3.2592365067582376,20.47838693188668
1335.7998500500341,0.012643595796138385,0.0027769438,3.2635540832772794,20.505515065233745
1335.8012389677024,0.020716510053915504,0.002782519,3.2678716597991486,20.532643198598578
1335.802627885371,0.014054738667220956,0.0027817586,3.2721892363224314,20.559771331972293
1335.8040168030386,0.017787042779371598,0.0027832736,3.2765068128421797,20.586899465323796
1335.8054057207066,0.011537582901813614,0.0027770696,3.2808243893633424,20.614027598684192
1335.8067946383755,0.01421618710117345,0.0027779967,3.2851419658873318,20.641155732062344
1335.8081835560438,0.009185606874764662,0.0027827404,3.289459542409201,20.668283865427178
1335.8095724734792,0.017616606325805417,0.002779393,3.2937771182072946,20.69541199424439
1335.8109613911472,0.0127268766684685,0.0027811015,3.298094694728457,20.722540127604784
1335.8123503088152,0.011606694062915368,0.0027800556,3.3024122712496196,20.749668260965176
1335.8137392264834,0.008559068089884825,0.002777576,3.3067298477714884,20.776796394330006
1335.8151281441517,0.008322022991274824,0.0027783236,3.3110474242933576,20.80392452769484
1335.8165170618197,0.007754200454133775,0.0027807278,3.31536500081452,20.831052661055228
1335.8179059794886,0.007177346224163994,0.0027826102,3.3196825773385092,20.85818079443338
1335.8192948969238,0.013323374913029262,0.0027858026,3.3240001531358967,20.88530892324616
1335.84985108446,0.012938722517782386,0.002796304,3.4189868329953135,21.482127834516618
1335.8512400021289,0.016763990984289157,0.0027981368,3.4233044095193033,21.509255967894777
1335.8526289195643,0.010885505005677532,0.0027903635,3.427621985317397,21.53638409671199
1335.8540178372325,0.005892630701262558,0.002780908,3.431939561839266,21.563512230076824
1335.8554067549005,0.003216998439006691,0.0027880073,3.4362571383604283,21.590640363437213
1335.8567956723357,0.001438400639284021,0.0027797017,3.4405747141578154,21.61776849224999
1335.858184590004,0.004924089534441123,0.0027872107,3.4448922906796846,21.644896625614823
1335.8595735076722,0.002469476718141461,0.0027776172,3.449209867201554,21.672024758979656
1335.8609624251083,0.009429774841482441,0.0027825795,3.453527443001768,21.699152887810193
1335.862351342777,0.007081377502820008,0.0027771215,3.4578450195250507,21.726281021183908
1335.8637402602114,0.010564340647698511,0.0027767108,3.4621625953203177,21.753409149983362
1335.8651291778797,0.009819427462136376,0.002776006,3.4664801718421865,21.780537283348192
1335.8665180955484,0.009109204180480779,0.0027750637,3.4707977483654693,21.807665416721907
1335.867907012983,0.009536929338654021,0.0027748747,3.4751153241614428,21.8347935455258
1335.869295930651,0.007718274093610367,0.002769747,3.479432900682605,21.861921678886194
1335.8706848480872,0.004641383378949815,0.0027657985,3.4837504764828195,21.889049807716734
1335.8720737657552,0.009144715787636426,0.0027631905,3.488068053003982,21.916177941077123
1335.8734626831908,0.009573668675513347,0.002759393,3.4923856288027824,21.94330606989878
1335.8748516008588,0.009469316168410624,0.0027580387,3.4967032053239446,21.970434203259174
1335.8762405185269,0.01113769255637409,0.0027504514,3.501020781845107,21.997562336619563
1335.8776294359623,5.4988091913510395e-05,0.0027473709,3.505338357643201,22.02469046543678
1335.8790183536305,0.011389397426579073,0.0027450547,3.50965593416507,22.051818598801614
1335.8804072710657,0.005249270966154795,0.00273759,3.513973509962457,22.07894672761439
1335.8817961887346,0.0023645506899580004,0.0027340078,3.5182910864864465,22.106074860992543
1335.8831851061698,0.0004407583120922265,0.0027313551,3.522608662283834,22.133202989805323
1335.8845740238373,-0.0002316397205304188,0.0027287544,3.5269262388035827,22.16033112315683
1335.8859629412734,0.0005025798683752081,0.0027287547,3.5312438146037968,22.18745925198737
1335.8873518589414,-0.002338281322144753,0.0027208617,3.535561391124959,22.214587385347762
1335.8887407763762,0.0017293762838849203,0.0027224126,3.5398789669209325,22.241715514151657
1335.8901296940448,0.005816506183505599,0.0027216645,3.5441965434442153,22.26884364752537
1335.8915186114807,-0.0016085261517451155,0.002715618,3.548514119243723,22.295971776351468
1335.8929075291483,-0.006401347717558625,0.002717027,3.5528316957634716,22.32309990970298
1335.8942964465834,-0.0059309682686893295,0.002718739,3.5571492715608586,22.350228038515755
1335.8956853642524,-0.004634523694650672,0.0027154824,3.5614668480848484,22.37735617189391
1335.897074281687,-0.0005710335100703734,0.002719614,3.565784423880822,22.404484300697806
1335.8984631991223,-0.000853502133495887,0.0027145764,3.570101999678209,22.431612429510583
1335.8998521167912,0.006612516170857896,0.0027143133,3.574419576202198,22.458740562888735
1335.9012410342273,0.0066393492261689335,0.002712902,3.5787371520024127,22.485868691719276
1335.9026299518953,-0.0024546375100990003,0.0027117247,3.583054728523575,22.512996825079668
1335.90401886933,-0.012101359573675419,0.0027043861,3.5873723043195485,22.540124953883563
1335.905407786999,-0.0035866846977411493,0.0027093755,3.5916898808435382,22.56725308726172
1335.9067967044348,-0.007226736487070395,0.002707413,3.5960074566430458,22.594381216087818
1335.9081856218693,-0.0034648974064005467,0.0027116763,3.6003250324383123,22.621509344887272
1335.9095745395375,-0.005145648428062755,0.002713732,3.6046426089601815,22.648637478252102
1335.9109634569734,-0.0023164444331902345,0.00271533,3.608960184759689,22.675765607078205
1335.912352374641,-0.0008601600255532249,0.0027161331,3.613277761279438,22.70289374042971
1335.913741292076,0.00403132292036168,0.002719049,3.617595337076825,22.73002186924249
1335.9151302095122,0.0006017310958111866,0.0027136016,3.621912912877039,22.75714999807303
1335.9165191271802,-0.0022029633336972942,0.0027137639,3.6262304893982016,22.78427813143342
1335.9179080446158,-0.0006489215052106756,0.00271071,3.630548065197002,22.81140626025508
1335.919296962051,-0.00806857895856794,0.0027104348,3.634865640994389,22.838534389067856
1335.920685879719,-0.0042688992167548845,0.0027195523,3.6391832175155514,22.865662522428245
1335.9220747971544,-0.0027796483249590276,0.0027207218,3.6435007933136454,22.892790651245463
1335.9234637145898,-0.0013229106722157935,0.0027269328,3.6478183691117394,22.91991878006268
1335.9248526322579,0.001026873804184092,0.0027237672,3.6521359456329017,22.947046913423073
1335.926241549694,-0.0019915859219474807,0.002722754,3.656453521433116,22.974175042253613
1335.9276304671291,0.0012837869283692793,0.0027246317,3.660771097230503,23.00130317106639
1335.9290193845638,-0.0036311218204054807,0.0027255171,3.6650886730264767,23.028431299870284
1335.9304083022328,0.000794343276750098,0.0027278967,3.669406249550466,23.055559433248437
1335.931797219668,0.003357875784060105,0.0027325791,3.6737238253478535,23.082687562061217
1335.9331861371027,-0.0005497281959746525,0.0027350942,3.678041401143827,23.109815690865112
1335.9345750547714,-0.002662087046343631,0.0027364958,3.6823589776671093,23.136943824238823
1335.9359639722072,0.001984633974007055,0.0027444283,3.6866765534666173,23.164071953064926
1335.937352889642,-0.0008647403813715204,0.0027470912,3.6909941292625907,23.19120008186882
1335.9387418070771,-0.0032356301367401086,0.002747434,3.6953117050599777,23.218328210681598
1335.940130724746,0.00018227530585268603,0.0027556452,3.699629281583967,23.24545634405975
1335.9415196421814,-0.002348167842683102,0.0027618227,3.703946857382061,23.272584472876968
1335.9429085596169,-0.0020665553349088484,0.0027586315,3.708264433180155,23.299712601694186
1335.944297477052,-0.0029454340833956483,0.002757887,3.712582008977542,23.326840730506962
1335.9456863944881,0.005590344658603419,0.0027640776,3.7168995847777566,23.353968859337506
1335.9470753121561,0.012778458920153835,0.002772199,3.721217161298919,23.381096992697895
1335.9484642295909,0.010366680297504871,0.0027611225,3.7255347370948924,23.40822512150179
1335.9498531470267,0.007680079438870613,0.0027567523,3.7298523128944,23.43535325032789
1335.9512420644621,0.012939191272157813,0.0027525106,3.734169888692494,23.462481379145107
1335.9526309818968,0.01566362884584538,0.0027515846,3.7384874644884674,23.489609507949
1335.9540198995655,0.01057013797165307,0.0027407715,3.74280504101175,23.516737641322717
1335.9554088170014,0.01347608107254128,0.0027491918,3.7471226168112577,23.543865770148816
1335.9567977344361,0.02215089480111343,0.0027443527,3.751440192607231,23.57099389895271
1335.9581866518713,0.023451147018779595,0.0027405298,3.755757768404618,23.598122027765488
1335.9595755693074,0.019927011276525297,0.0027324646,3.7600753442048327,23.62525015659603
1335.9609644867421,0.01563555751437784,0.0027369868,3.764392920000806,23.652378285399926
1335.9623534041773,0.010928592033004225,0.002731091,3.768710495798193,23.6795064142127
1335.9637423218462,0.010050721833233522,0.0027230734,3.7730280723221825,23.706634547590856
1335.9651312392814,0.010130008054268336,0.0027230768,3.77734564811957,23.733762676403632
1335.9665201567168,0.009009841993040224,0.0027235337,3.7816632239176635,23.76089080522085
1335.9679090741522,0.006175951261538359,0.0027232321,3.7859807997157575,23.788018934038067
1335.9692979915874,0.007078013533826311,0.0027267241,3.790298375513145,23.815147062850848
1335.9706869090226,0.006635889769269321,0.0027231365,3.794615951310532,23.842275191663624
1335.972075826458,0.004919626151094425,0.0027250228,3.798933527108626,23.869403320480842
1335.9734647438934,0.003589105950323468,0.002729425,3.80325110290672,23.89653144929806
1335.9748536613295,-0.0005195353166596028,0.002726253,3.807568678706934,23.9236595781286
1335.9762425787646,0.004028471605608819,0.002731662,3.811886254504321,23.950787706941377
1335.9776314961994,0.0034957686167458313,0.0027277963,3.8162038303002945,23.977915835745268
1335.9790204136352,-0.0007478609522577617,0.0027285442,3.8205214060998025,24.00504396457137
1335.980409331071,0.003882248425549073,0.0027345489,3.82483898189931,24.032172093397474
1335.9817982487393,-0.0041005168563431615,0.002736412,3.829156558421179,24.059300226762304
1335.9831871661747,-0.003496308970373785,0.002738667,3.833474134219273,24.08642835557952
1335.98457608361,-0.008412255821473757,0.0027373307,3.83779171001666,24.113556484392298
1335.985965001045,-0.00020206999603089582,0.002746358,3.8421092858140473,24.140684613205075
1335.9873539184807,-0.004961214634076172,0.0027434458,3.846426861612848,24.167812742026733
1335.988742835916,0.00577106630334745,0.0027545157,3.850744437410235,24.19494087083951
1335.990131753352,-0.0017760444423318145,0.0027538065,3.8550620132104494,24.22206899967005
1335.9915206707872,-0.0004612846943865545,0.0027552415,3.8593795890078364,24.249197128482827
1335.992909588222,-0.0005644577140522244,0.0027569768,3.86369716480381,24.27632525728672
1335.994298505425,3.8351839818817623e-05,0.0027644273,3.868014739879542,24.30345338156521
1335.9956874228603,0.011753516046480117,0.0027655107,3.872332315677636,24.330581510382427
1335.9970763402948,0.006367199129756251,0.0027648723,3.876649891472903,24.35770963918188
1335.9984652577307,0.011112760890514606,0.0027760675,3.8809674672724106,24.384837768007984
1335.9998541751668,0.010036384984046132,0.0027693715,3.8852850430726247,24.41196589683852
1336.0012430926015,0.005289169379504077,0.0027681782,3.889602618868598,24.439094025642415
1336.0026320100367,0.009938812918287798,0.0027676974,3.8939201946659856,24.466222154455195
1336.0040209274728,0.012223396844517787,0.0027662045,3.8982377704661997,24.493350283285736
1336.0054098449075,0.00756087023877372,0.002767613,3.902555346262173,24.52047841208963
1336.0067987623427,0.008655651873107573,0.002767895,3.9068729220595606,24.547606540902407
1336.0081876797788,0.012036012840929589,0.0027684171,3.9111904978597747,24.574734669732948
1336.009576597214,0.01002846232915977,0.0027666497,3.9155080736571617,24.601862798545724
1336.0109655146493,0.011862780669495199,0.0027688057,3.9198256494552557,24.628990927362942
1336.012354431852,0.008904679068608812,0.0027659147,3.9241432245295744,24.656119051632547
1336.013743349287,0.005366517146479843,0.002765235,3.928460800326962,24.683247180445324
1336.0151322667223,0.015768849999610035,0.002775314,3.932778376124349,24.7103753092581
1336.0165211841577,0.008740562696789245,0.0027683026,3.937095951922443,24.73750343807532
1336.017910101593,0.0099835275479776,0.0027729583,3.941413527720537,24.76463156689254
1336.0192990190292,0.005882931518163215,0.0027648397,3.945731103520751,24.791759695723076
1336.0206879364644,0.004916415781239136,0.0027697457,3.950048679318138,24.818887824535853
1336.0220768536667,0.007885160970449112,0.002765662,3.95436625439175,24.846015948801018
1336.0234657711028,0.006893787614241198,0.0027658492,3.9586838301919647,24.87314407763156
1336.0248546885375,0.010753676958468183,0.0027677577,3.963001405987938,24.900272206435456
1336.0262436059727,0.006734200615597485,0.002765182,3.967318981785325,24.927400335248233
1336.0276325234088,0.004148270569656498,0.0027677885,3.9716365575855397,24.954528464078773
1336.029021440844,0.012485958396369012,0.0027704972,3.9759541333829267,24.98165659289155
1336.0304103580463,0.006833276930975574,0.002765566,3.9802717084565384,25.00878471715671
1336.031799275482,0.008231569066849076,0.0027684262,3.9845892842553394,25.035912845978373
1336.0331881929171,0.007226245613601856,0.0027680662,3.9889068600527264,25.06304097479115
1336.0345771103523,0.0036585314389021573,0.002763687,3.9932244358501134,25.090169103603927
1336.0359660275549,0.008073763883716278,0.0027680285,3.997542010924432,25.11729722787353
